study_group,survey,term,estimate,std.error,statistic,p.value,conf.low,conf.high,df,outcome,estimate_type,study,framing_Z_type,type,mode,x_pid3,AD_Z_party_sure_thing,knobe_Z_type,outcome_group,term_group,attribute,level,attribute_ref,outcome_label,outcome_factor
Hyman & Sheatsley (1950),Hyman and Sheatsley (1950),russians_Z,0.3709840486806628,0.026598432677077892,13.947590566130273,4.0379008004195435e-41,0.3188000517490099,0.42316804561231575,1214,russians_Y,Unstandardized,Pre-COVID,NA,NA,NA,NA,NA,NA,NA,NA,NA,NA,NA,NA,NA
Hyman & Sheatsley (1950),Schuman and Presser (1980),russians_Z,0.19948503098542458,0.035967217515325736,5.546301459111299,4.191155379569628e-8,0.12886395100390274,0.2701061109669464,675,russians_Y,Unstandardized,Pre-COVID,NA,NA,NA,NA,NA,NA,NA,NA,NA,NA,NA,NA,NA
Hyman & Sheatsley (1950),Schuman et al. (1983),russians_Z,0.25649013499480816,0.0640793450932104,4.002695948619876,8.538143921945951e-5,0.13020849573233104,0.38277177425728526,222,russians_Y,Unstandardized,Pre-COVID,NA,NA,NA,NA,NA,NA,NA,NA,NA,NA,NA,NA,NA
Hyman & Sheatsley (1950),Week 3,russians_Z,0.253874829790243,0.02968043816131746,8.553607881743414,4.2440645441149365e-17,0.1956341326438591,0.3121155269366269,1035,russians_Y,Unstandardized,Replication,NA,NA,NA,NA,NA,NA,NA,NA,NA,NA,NA,NA,NA
Hyman & Sheatsley (1950),Hyman and Sheatsley (1950),russians_Z,0.3709840486806628,0.026598432677077892,13.947590566130273,4.0379008004195435e-41,0.3188000517490099,0.42316804561231575,1214,russians_Y,Standardized,Pre-COVID,NA,NA,NA,NA,NA,NA,NA,NA,NA,NA,NA,NA,NA
Hyman & Sheatsley (1950),Schuman and Presser (1980),russians_Z,0.19948503098542458,0.035967217515325736,5.546301459111299,4.191155379569628e-8,0.12886395100390274,0.2701061109669464,675,russians_Y,Standardized,Pre-COVID,NA,NA,NA,NA,NA,NA,NA,NA,NA,NA,NA,NA,NA
Hyman & Sheatsley (1950),Schuman et al. (1983),russians_Z,0.25649013499480816,0.0640793450932104,4.002695948619876,8.538143921945951e-5,0.13020849573233104,0.38277177425728526,222,russians_Y,Standardized,Pre-COVID,NA,NA,NA,NA,NA,NA,NA,NA,NA,NA,NA,NA,NA
Hyman & Sheatsley (1950),Week 3,russians_Z,0.253874829790243,0.02968043816131746,8.553607881743414,4.2440645441149365e-17,0.1956341326438591,0.3121155269366269,1035,russians_Y,Standardized,Replication,NA,NA,NA,NA,NA,NA,NA,NA,NA,NA,NA,NA,NA
Tversky & Kaheneman (1981) - Cheap/Expensive,Many Labs (2018),framing_ZCheap,0.16326312576312071,0.015312633881943994,10.661988461412484,3.66995160921013e-26,0.13324106730232296,0.19328518422391847,3690,framing_travel_Y,Unstandardized,Pre-COVID,Original,Pre-COVID,NA,NA,NA,NA,NA,NA,NA,NA,NA,NA,NA
Tversky & Kaheneman (1981) - Cheap/Expensive,Tversky and Kahneman (1981),framing_ZCheap,0.39332844574780057,0.06865116059940442,5.729377949528983,4.195691931962317e-8,0.25785873749747235,0.5287981539981288,179,framing_travel_Y,Unstandardized,Pre-COVID,Original,Pre-COVID,NA,NA,NA,NA,NA,NA,NA,NA,NA,NA,NA
Tversky & Kaheneman (1981) - Cheap/Expensive,Week 7,framing_ZCheap,0.07091580563508851,0.04310103354113892,1.645338865653907,0.10048620238986407,-0.013751851924324043,0.15558346319450106,536,framing_travel_Y,Unstandardized,Replication,Modified,COVID-specific,NA,NA,NA,NA,NA,NA,NA,NA,NA,NA,NA
Tversky & Kaheneman (1981) - Cheap/Expensive,Week 7,framing_ZCheap,0.1529054369839541,0.043972607581889506,3.477288370929576,5.502277840834362e-4,0.06651365801378156,0.23929721595412662,505,framing_travel_Y,Unstandardized,Replication,Original,Direct replication,NA,NA,NA,NA,NA,NA,NA,NA,NA,NA,NA
Tversky & Kaheneman (1981) - Cheap/Expensive,Many Labs (2018),framing_ZCheap,0.33115062462733913,0.031058992966070505,10.66198846141261,3.669951609205327e-26,0.2702561430019157,0.39204510625276257,3690,framing_travel_Y_s,Standardized,Pre-COVID,Original,Pre-COVID,NA,NA,NA,NA,NA,NA,NA,NA,NA,NA,NA
Tversky & Kaheneman (1981) - Cheap/Expensive,Tversky and Kahneman (1981),framing_ZCheap,0.8368735499298259,0.14606708743985472,5.729377949528986,4.195691931962253e-8,0.5486385725793632,1.1251085272802885,179,framing_travel_Y_s,Standardized,Pre-COVID,Original,Pre-COVID,NA,NA,NA,NA,NA,NA,NA,NA,NA,NA,NA
Tversky & Kaheneman (1981) - Cheap/Expensive,Week 7,framing_ZCheap,0.14228917262758892,0.08648016259619506,1.6453388656539059,0.10048620238986428,-0.027592433236646702,0.3121707784918245,536,framing_travel_Y_s,Standardized,Replication,Modified,COVID-specific,NA,NA,NA,NA,NA,NA,NA,NA,NA,NA,NA
Tversky & Kaheneman (1981) - Cheap/Expensive,Week 7,framing_ZCheap,0.30679744697057654,0.0882289342280119,3.47728837092958,5.502277840834284e-4,0.13345647394764434,0.4801384199935087,505,framing_travel_Y_s,Standardized,Replication,Original,Direct replication,NA,NA,NA,NA,NA,NA,NA,NA,NA,NA,NA
Tversky & Kaheneman (1981) - Gain/Loss,Coppock & McClellan (2016) - Lucid,AD_Z_loss,0.23905000596729906,0.022817779096392366,10.476479983325563,5.643215404052353e-25,0.19429807154239914,0.28380194039219897,1811,AD_Y_pfp,Unstandardized,Pre-COVID,NA,COVID-specific,NA,NA,NA,NA,NA,NA,NA,NA,NA,NA,NA
Tversky & Kaheneman (1981) - Gain/Loss,Coppock & McClellan (2016) - MTurk,AD_Z_loss,0.35452513966480403,0.047933736729322954,7.396150683322944,9.171713802657276e-13,0.26027416496161093,0.44877611436799714,377,AD_Y_pfp,Unstandardized,Pre-COVID,NA,COVID-specific,NA,NA,NA,NA,NA,NA,NA,NA,NA,NA,NA
Tversky & Kaheneman (1981) - Gain/Loss,Kahneman & Tversky (1981),AD_Z_loss,0.4977504244482175,0.049552152420970705,10.04498089648205,1.069230879409372e-20,0.40024306880544813,0.5952577800909868,305,AD_Y_pfp,Unstandardized,Pre-COVID,NA,COVID-specific,NA,NA,NA,NA,NA,NA,NA,NA,NA,NA,NA
Tversky & Kaheneman (1981) - Gain/Loss,Many Labs (2013) - MTurk,AD_Z_loss,0.2955989110707809,0.03036706752008031,9.734193493504609,1.8865995192445308e-21,0.2360079918241752,0.3551898303173866,994,AD_Y_pfp,Unstandardized,Pre-COVID,NA,COVID-specific,NA,NA,NA,NA,NA,NA,NA,NA,NA,NA,NA
Tversky & Kaheneman (1981) - Gain/Loss,Many Labs (2013) - Project Implicit,AD_Z_loss,0.27017870439314884,0.026318037045899745,10.26591397838471,7.803356241339872e-24,0.21854859714654756,0.3218088116397501,1310,AD_Y_pfp,Unstandardized,Pre-COVID,NA,COVID-specific,NA,NA,NA,NA,NA,NA,NA,NA,NA,NA,NA
Tversky & Kaheneman (1981) - Gain/Loss,Week 1 - COVID-specific,AD_Z_loss,0.11587821694313595,0.03102357251556565,3.735166763434342,1.9793088183935108e-4,0.05500124742638272,0.1767551864598892,1025,AD_Y_pfp,Unstandardized,Replication,NA,COVID-specific,NA,NA,NA,NA,NA,NA,NA,NA,NA,NA,NA
Tversky & Kaheneman (1981) - Gain/Loss,Week 13 - Direct replication,AD_Z_loss,0.1937756375958623,0.05063857619049395,3.8266407188644167,1.527918164291026e-4,0.0941956575348036,0.293355617656921,365,AD_Y_pfp,Unstandardized,Replication,NA,COVID-specific,NA,NA,NA,NA,NA,NA,NA,NA,NA,NA,NA
Tversky & Kaheneman (1981) - Gain/Loss,Week 3 - COVID-specific,AD_Z_loss,0.15899667668934955,0.03703629243494715,4.292996578116484,2.008138931459747e-5,0.08628274797510332,0.23171060540359578,709,AD_Y_pfp,Unstandardized,Replication,NA,COVID-specific,NA,NA,NA,NA,NA,NA,NA,NA,NA,NA,NA
Tversky & Kaheneman (1981) - Gain/Loss,Week 7 - COVID-specific,AD_Z_loss,0.17149955755224267,0.05256547806530067,3.2625891338644992,0.0012156464448163796,0.06810614650094285,0.2748929686035425,341,AD_Y_pfp,Unstandardized,Replication,NA,COVID-specific,NA,NA,NA,NA,NA,NA,NA,NA,NA,NA,NA
Tversky & Kaheneman (1981) - Gain/Loss,Week 8 - COVID-specific,AD_Z_loss,0.13632441760138045,0.05143259582637969,2.6505451535358806,0.008380324421039117,0.03518845138584739,0.2374603838169135,371,AD_Y_pfp,Unstandardized,Replication,NA,COVID-specific,NA,NA,NA,NA,NA,NA,NA,NA,NA,NA,NA
Tversky & Kaheneman (1981) - Gain/Loss,Coppock & McClellan (2016) - Lucid,AD_Z_loss,0.4883387276447724,0.046612863139338774,10.476479983325472,5.6432154040575405e-25,0.39691809526174016,0.5797593600278046,1811,AD_Y_pfp_s,Standardized,Pre-COVID,NA,COVID-specific,NA,NA,NA,NA,NA,NA,NA,NA,NA,NA,NA
Tversky & Kaheneman (1981) - Gain/Loss,Coppock & McClellan (2016) - MTurk,AD_Z_loss,0.8062245959867486,0.10900597222885793,7.3961506833229365,9.171713802657746e-13,0.5918887266791906,1.0205604652943066,377,AD_Y_pfp_s,Standardized,Pre-COVID,NA,COVID-specific,NA,NA,NA,NA,NA,NA,NA,NA,NA,NA,NA
Tversky & Kaheneman (1981) - Gain/Loss,Kahneman & Tversky (1981),AD_Z_loss,1.101474455745134,0.10965421110267008,10.044980896482077,1.0692308794091543e-20,0.8856999305765679,1.3172489809136998,305,AD_Y_pfp_s,Standardized,Pre-COVID,NA,COVID-specific,NA,NA,NA,NA,NA,NA,NA,NA,NA,NA,NA
Tversky & Kaheneman (1981) - Gain/Loss,Many Labs (2013) - MTurk,AD_Z_loss,0.6194287188914167,0.06363431334139268,9.734193493504586,1.8865995192449145e-21,0.4945557055478449,0.7443017322349885,994,AD_Y_pfp_s,Standardized,Pre-COVID,NA,COVID-specific,NA,NA,NA,NA,NA,NA,NA,NA,NA,NA,NA
Tversky & Kaheneman (1981) - Gain/Loss,Many Labs (2013) - Project Implicit,AD_Z_loss,0.5449706841389313,0.05308545203928152,10.265913978384711,7.80335624133959e-24,0.44082889053774704,0.6491124777401156,1310,AD_Y_pfp_s,Standardized,Pre-COVID,NA,COVID-specific,NA,NA,NA,NA,NA,NA,NA,NA,NA,NA,NA
Tversky & Kaheneman (1981) - Gain/Loss,Week 1 - COVID-specific,AD_Z_loss,0.23291736851214886,0.06235795702411706,3.735166763434338,1.9793088183935425e-4,0.11055352898401231,0.3552812080402854,1025,AD_Y_pfp_s,Standardized,Replication,NA,COVID-specific,NA,NA,NA,NA,NA,NA,NA,NA,NA,NA,NA
Tversky & Kaheneman (1981) - Gain/Loss,Week 13 - Direct replication,AD_Z_loss,0.415182004109093,0.10849777510136902,3.826640718864421,1.5279181642909986e-4,0.2018228006310979,0.6285412075870881,365,AD_Y_pfp_s,Standardized,Replication,NA,COVID-specific,NA,NA,NA,NA,NA,NA,NA,NA,NA,NA,NA
Tversky & Kaheneman (1981) - Gain/Loss,Week 3 - COVID-specific,AD_Z_loss,0.32447961007870857,0.07558347745552406,4.292996578116476,2.0081389314598185e-5,0.1760853937480842,0.47287382640933295,709,AD_Y_pfp_s,Standardized,Replication,NA,COVID-specific,NA,NA,NA,NA,NA,NA,NA,NA,NA,NA,NA
Tversky & Kaheneman (1981) - Gain/Loss,Week 7 - COVID-specific,AD_Z_loss,0.36325883512411933,0.1113406623450142,3.262589133864497,0.0012156464448163902,0.14425786162852738,0.5822598086197113,341,AD_Y_pfp_s,Standardized,Replication,NA,COVID-specific,NA,NA,NA,NA,NA,NA,NA,NA,NA,NA,NA
Tversky & Kaheneman (1981) - Gain/Loss,Week 8 - COVID-specific,AD_Z_loss,0.2753848329696823,0.10389743128967753,2.650545153535884,0.008380324421039023,0.0710831263969785,0.4796865395423861,371,AD_Y_pfp_s,Standardized,Replication,NA,COVID-specific,NA,NA,NA,NA,NA,NA,NA,NA,NA,NA,NA
Smith (1987),GSS 1986,welfare_Z,0.9202976245063567,0.04914545901521795,18.725995095933186,4.4584705291824557e-70,0.8238918323228294,1.0167034166898838,1415,welfare_Y_s,Standardized,Pre-COVID,NA,Experimental,Paper and pencil interviews,NA,NA,NA,NA,NA,NA,NA,NA,NA,NA
Smith (1987),GSS 1987,welfare_Z,0.9367925394256296,0.04756220982044087,19.696152532909082,3.8274371416029683e-78,0.8435076177525677,1.0300774610986916,1745,welfare_Y_s,Standardized,Pre-COVID,NA,Experimental,Paper and pencil interviews,NA,NA,NA,NA,NA,NA,NA,NA,NA,NA
Smith (1987),GSS 1988,welfare_Z,1.0326716128322597,0.04766538533243558,21.665021810482298,3.8966439591574237e-90,0.9391693081974399,1.1261739174670795,1417,welfare_Y_s,Standardized,Pre-COVID,NA,Experimental,Paper and pencil interviews,NA,NA,NA,NA,NA,NA,NA,NA,NA,NA
Smith (1987),GSS 1989,welfare_Z,0.9822533405713836,0.04765052862977136,20.61369241468784,4.589304126338115e-83,0.888782479682358,1.0757242014604091,1459,welfare_Y_s,Standardized,Pre-COVID,NA,Experimental,Paper and pencil interviews,NA,NA,NA,NA,NA,NA,NA,NA,NA,NA
Smith (1987),GSS 1990,welfare_Z,0.990852329871626,0.05031660871458813,19.692351197435755,9.471185079571348e-76,0.8921416151033644,1.0895630446398874,1299,welfare_Y_s,Standardized,Pre-COVID,NA,Experimental,Paper and pencil interviews,NA,NA,NA,NA,NA,NA,NA,NA,NA,NA
Smith (1987),GSS 1991,welfare_Z,0.9477962597177904,0.04914474847762635,19.285809553980815,8.004297650253305e-74,0.8513924405138658,1.044200078921715,1425,welfare_Y_s,Standardized,Pre-COVID,NA,Experimental,Paper and pencil interviews,NA,NA,NA,NA,NA,NA,NA,NA,NA,NA
Smith (1987),GSS 1993,welfare_Z,1.2003915570715635,0.04930354562811472,24.346962105440458,7.364016372686421e-111,1.1036815265943147,1.2971015875488123,1523,welfare_Y_s,Standardized,Pre-COVID,NA,Experimental,Paper and pencil interviews,NA,NA,NA,NA,NA,NA,NA,NA,NA,NA
Smith (1987),GSS 1994,welfare_Z,1.3046763277335747,0.03813416329181692,34.212795433577554,3.2066467575783035e-215,1.2299029747374364,1.379449680729713,2849,welfare_Y_s,Standardized,Pre-COVID,NA,Experimental,Paper and pencil interviews,NA,NA,NA,NA,NA,NA,NA,NA,NA,NA
Smith (1987),GSS 1996,welfare_Z,1.0776914736306826,0.038778073081707866,27.79125902826368,4.458036114994532e-150,1.0016544779632879,1.1537284692980774,2758,welfare_Y_s,Standardized,Pre-COVID,NA,Experimental,Paper and pencil interviews,NA,NA,NA,NA,NA,NA,NA,NA,NA,NA
Smith (1987),GSS 1998,welfare_Z,1.0803935457909617,0.037403973937065536,28.884458844100084,3.913706792831032e-160,1.0070502864677089,1.1537368051142145,2705,welfare_Y_s,Standardized,Pre-COVID,NA,Experimental,Paper and pencil interviews,NA,NA,NA,NA,NA,NA,NA,NA,NA,NA
Smith (1987),GSS 2000,welfare_Z,0.9354708071233523,0.03684584686977586,25.38877204884402,1.1445708177032215e-127,0.8632217902566164,1.0077198239900882,2692,welfare_Y_s,Standardized,Pre-COVID,NA,Experimental,Paper and pencil interviews,NA,NA,NA,NA,NA,NA,NA,NA,NA,NA
Smith (1987),GSS 2002,welfare_Z,1.029278877853188,0.03552943784557513,28.969748475245733,8.03583078243309e-161,0.9596110775220082,1.098946678184368,2687,welfare_Y_s,Standardized,Pre-COVID,NA,Experimental,Computer-assisted personal interviews,NA,NA,NA,NA,NA,NA,NA,NA,NA,NA
Smith (1987),GSS 2004,welfare_Z,1.0011501807402179,0.034151784584634345,29.31472521616507,1.3568934146445207e-164,0.934184407159154,1.0681159543212817,2747,welfare_Y_s,Standardized,Pre-COVID,NA,Experimental,Computer-assisted personal interviews,NA,NA,NA,NA,NA,NA,NA,NA,NA,NA
Smith (1987),GSS 2006,welfare_Z,0.9192840967621564,0.03368270227363581,27.292468677066335,3.391789644833034e-146,0.853239686801516,0.9853285067227968,2904,welfare_Y_s,Standardized,Pre-COVID,NA,Experimental,Computer-assisted personal interviews,NA,NA,NA,NA,NA,NA,NA,NA,NA,NA
Smith (1987),GSS 2008,welfare_Z,0.9108283411546804,0.04131771197201766,22.044500958125102,2.406239759662688e-96,0.8297968438421838,0.991859838467177,1951,welfare_Y_s,Standardized,Pre-COVID,NA,Experimental,Computer-assisted personal interviews,NA,NA,NA,NA,NA,NA,NA,NA,NA,NA
Smith (1987),GSS 2010,welfare_Z,0.9605147329874159,0.04154373710526943,23.12056641783398,7.322800670368376e-105,0.8790405488343356,1.0419889171404961,1974,welfare_Y_s,Standardized,Pre-COVID,NA,Experimental,Computer-assisted personal interviews,NA,NA,NA,NA,NA,NA,NA,NA,NA,NA
Smith (1987),GSS 2012,welfare_Z,0.9868964457673656,0.04334808104809732,22.766785101106187,1.35443936087356e-101,0.9018813246369328,1.0719115668977983,1890,welfare_Y_s,Standardized,Pre-COVID,NA,Experimental,Computer-assisted personal interviews,NA,NA,NA,NA,NA,NA,NA,NA,NA,NA
Smith (1987),GSS 2014,welfare_Z,1.0316018055955012,0.03818342377303679,27.017006429998727,5.770142205011996e-141,0.9567267555897889,1.1064768556012134,2455,welfare_Y_s,Standardized,Pre-COVID,NA,Experimental,Computer-assisted personal interviews,NA,NA,NA,NA,NA,NA,NA,NA,NA,NA
Smith (1987),GSS 2016,welfare_Z,1.0727579649375043,0.03395114171994554,31.597110158663174,1.5162310693248194e-187,1.0061860282799024,1.1393299015951062,2786,welfare_Y_s,Standardized,Pre-COVID,NA,Experimental,Computer-assisted personal interviews,NA,NA,NA,NA,NA,NA,NA,NA,NA,NA
Smith (1987),GSS 2018,welfare_Z,1.0098808422981922,0.03741853688104727,26.988784877093988,2.542141795862428e-139,0.9365026116973646,1.0832590728990197,2263,welfare_Y_s,Standardized,Pre-COVID,NA,Experimental,Computer-assisted personal interviews,NA,NA,NA,NA,NA,NA,NA,NA,NA,NA
Smith (1987),Huber & Paris (2013) - MTurk,welfare_Z,0.4501975726849937,0.06553174765880067,6.869915556487282,1.1327366613982068e-11,0.32160080651762335,0.5787943388523641,992,welfare_Y_s,Standardized,Pre-COVID,NA,Experimental,Computer-assisted web interviews,NA,NA,NA,NA,NA,NA,NA,NA,NA,NA
Smith (1987),Huber & Paris (2013) - YouGov,welfare_Z,0.48075076600434297,0.08355032514625167,5.754026272941571,1.4086662181450368e-8,0.3166544703138311,0.6448470616948548,583,welfare_Y_s,Standardized,Pre-COVID,NA,Experimental,Computer-assisted web interviews,NA,NA,NA,NA,NA,NA,NA,NA,NA,NA
Smith (1987),Week 1,welfare_Z,0.33945109412668917,0.06006902105163122,5.651017582505968,2.066693628956171e-8,0.22157865427891246,0.4573235339744659,1024,welfare_Y_s,Standardized,Replication,NA,Experimental,Computer-assisted web interviews,NA,NA,NA,NA,NA,NA,NA,NA,NA,NA
Smith (1987),Week 11,welfare_Z,0.3973012854440274,0.0577295741843081,6.882110097947349,9.65114498856326e-12,0.28403470535263087,0.5105678655354239,1155,welfare_Y_s,Standardized,Replication,NA,Experimental,Computer-assisted web interviews,NA,NA,NA,NA,NA,NA,NA,NA,NA,NA
Smith (1987),Week 12,welfare_Z,0.4720796154811749,0.05660665778234855,8.339648267105106,2.1616932915524398e-16,0.36101279312425727,0.5831464378380925,1122,welfare_Y_s,Standardized,Replication,NA,Experimental,Computer-assisted web interviews,NA,NA,NA,NA,NA,NA,NA,NA,NA,NA
Smith (1987),Week 13,welfare_Z,0.47573563698718685,0.06058921300570295,7.851820701853453,1.0495510201761064e-14,0.35683948736484916,0.5946317866095245,1003,welfare_Y_s,Standardized,Replication,NA,Experimental,Computer-assisted web interviews,NA,NA,NA,NA,NA,NA,NA,NA,NA,NA
Smith (1987),Week 2,welfare_Z,0.418716250339118,0.0562987742822449,7.437395497101786,2.1002652526184745e-13,0.308247839609272,0.529184661068964,1071,welfare_Y_s,Standardized,Replication,NA,Experimental,Computer-assisted web interviews,NA,NA,NA,NA,NA,NA,NA,NA,NA,NA
Smith (1987),Week 3,welfare_Z,0.42197654412689245,0.05962420020193507,7.077269677375018,2.698085476946828e-12,0.30497922975176694,0.538973858502018,1041,welfare_Y_s,Standardized,Replication,NA,Experimental,Computer-assisted web interviews,NA,NA,NA,NA,NA,NA,NA,NA,NA,NA
Smith (1987),Week 4,welfare_Z,0.5283471374959701,0.05210529438877152,10.139989490392875,2.6432913042657972e-23,0.42612724668129054,0.6305670283106496,1297,welfare_Y_s,Standardized,Replication,NA,Experimental,Computer-assisted web interviews,NA,NA,NA,NA,NA,NA,NA,NA,NA,NA
Smith (1987),Week 5,welfare_Z,0.33749146642230193,0.041456868443167,8.140785329334927,6.559267200154788e-16,0.256191962375237,0.41879097046936686,2161,welfare_Y_s,Standardized,Replication,NA,Observational,Computer-assisted web interviews,NA,NA,NA,NA,NA,NA,NA,NA,NA,NA
Smith (1987),Week 6,welfare_Z,0.4281895932718222,0.056614459214558634,7.563255027290123,8.012379252949697e-14,0.3171104861315938,0.5392687004120507,1151,welfare_Y_s,Standardized,Replication,NA,Experimental,Computer-assisted web interviews,NA,NA,NA,NA,NA,NA,NA,NA,NA,NA
Smith (1987),Week 7,welfare_Z,0.3190958826124373,0.060173650680968874,5.302917124045422,1.390788737377148e-7,0.20102080648668835,0.4371709587381863,1044,welfare_Y_s,Standardized,Replication,NA,Experimental,Computer-assisted web interviews,NA,NA,NA,NA,NA,NA,NA,NA,NA,NA
Smith (1987),Week 8,welfare_Z,0.5022854666674736,0.05521781096458533,9.096439317190988,3.6651065454402366e-19,0.39395368463536184,0.6106172486995854,1227,welfare_Y_s,Standardized,Replication,NA,Experimental,Computer-assisted web interviews,NA,NA,NA,NA,NA,NA,NA,NA,NA,NA
Smith (1987),Week 9,welfare_Z,0.38861969815949254,0.04293662136490822,9.051007876393099,3.2208126151828886e-19,0.3044154584218505,0.47282393789713456,2038,welfare_Y_s,Standardized,Replication,NA,Observational,Computer-assisted web interviews,NA,NA,NA,NA,NA,NA,NA,NA,NA,NA
Druckman (2001),Druckman (2001),AD_Z_gain,0.14553014553014557,0.09684923653117464,1.502646285531648,0.13718594507074378,-0.04744617073328597,0.33850646179357713,74,AD_Y_sure_thing,Unstandardized,Pre-COVID,NA,COVID-specific,NA,"Framing effects by label of risk-averse alternative, among Democrats","Republicans'
 Program",NA,NA,NA,NA,NA,NA,NA,NA
Druckman (2001),Druckman (2001),AD_Z_gain,0.21040723981900444,0.1101923078895619,1.9094548780109135,0.06024441810416384,-0.009309981684990698,0.4301244613229996,71,AD_Y_sure_thing,Unstandardized,Pre-COVID,NA,COVID-specific,NA,"Framing effects by label of risk-averse alternative, among Democrats","Democrats'
 Program",NA,NA,NA,NA,NA,NA,NA,NA
Druckman (2001),Druckman (2001),AD_Z_gain,0.4647058823529411,0.11266688807882984,4.124600317599963,1.1247623103062044e-4,0.23948798217057277,0.6899237825353094,62,AD_Y_sure_thing,Unstandardized,Pre-COVID,NA,COVID-specific,NA,"Framing effects by label of risk-averse alternative, among Democrats",Program A,NA,NA,NA,NA,NA,NA,NA,NA
Druckman (2001),Druckman (2001),AD_Z_gain,0.28571428571428564,0.1704182683436354,1.6765472885698183,0.103081009099596,-0.06100428819566689,0.6324328596242381,33,AD_Y_sure_thing,Unstandardized,Pre-COVID,NA,COVID-specific,NA,"Framing effects by label of risk-averse alternative, among Independents","Republicans'
 Program",NA,NA,NA,NA,NA,NA,NA,NA
Druckman (2001),Druckman (2001),AD_Z_gain,0.29914529914529914,0.1468479836853231,2.037108659158237,0.047973361635628944,0.0027940701741671625,0.5954965281164311,42,AD_Y_sure_thing,Unstandardized,Pre-COVID,NA,COVID-specific,NA,"Framing effects by label of risk-averse alternative, among Independents","Democrats'
 Program",NA,NA,NA,NA,NA,NA,NA,NA
Druckman (2001),Druckman (2001),AD_Z_gain,0.4569377990430626,0.14271139658792797,3.201831177943326,0.002717198256679328,0.16827675297889555,0.7455988451072296,39,AD_Y_sure_thing,Unstandardized,Pre-COVID,NA,COVID-specific,NA,"Framing effects by label of risk-averse alternative, among Independents",Program A,NA,NA,NA,NA,NA,NA,NA,NA
Druckman (2001),Druckman (2001),AD_Z_gain,0.055944055944056034,0.1397855278837121,0.40021350415184626,0.6908518605542979,-0.22542961792569716,0.33731772981380925,46,AD_Y_sure_thing,Unstandardized,Pre-COVID,NA,COVID-specific,NA,"Framing effects by label of risk-averse alternative, among Republicans","Republicans'
 Program",NA,NA,NA,NA,NA,NA,NA,NA
Druckman (2001),Druckman (2001),AD_Z_gain,0.0352941176470589,0.13383699565946297,0.26370972744234206,0.7933574513514914,-0.23520054059280918,0.305788775886927,40,AD_Y_sure_thing,Unstandardized,Pre-COVID,NA,COVID-specific,NA,"Framing effects by label of risk-averse alternative, among Republicans","Democrats'
 Program",NA,NA,NA,NA,NA,NA,NA,NA
Druckman (2001),Druckman (2001),AD_Z_gain,0.4119047619047622,0.1450654300483297,2.8394412215752083,0.007142648061592769,0.1184822337347779,0.7053272900747465,39,AD_Y_sure_thing,Unstandardized,Pre-COVID,NA,COVID-specific,NA,"Framing effects by label of risk-averse alternative, among Republicans",Program A,NA,NA,NA,NA,NA,NA,NA,NA
Druckman (2001),Week 13 (direct replication),AD_Z_gain,0.05855072463768118,0.06749561124085168,0.8674745448077872,0.38714562677627495,-0.07487534168520354,0.1919767909605659,142,AD_Y_sure_thing,Unstandardized,Replication,NA,Direct replication,NA,"Framing effects by label of risk-averse alternative, among Democrats","Republicans'
 Program",NA,NA,NA,NA,NA,NA,NA,NA
Druckman (2001),Week 13 (direct replication),AD_Z_gain,0.1668768390079864,0.07013094830665655,2.3795035292877555,0.018714290196010088,0.028197712877633258,0.3055559651383395,137,AD_Y_sure_thing,Unstandardized,Replication,NA,Direct replication,NA,"Framing effects by label of risk-averse alternative, among Democrats","Democrats'
 Program",NA,NA,NA,NA,NA,NA,NA,NA
Druckman (2001),Week 13 (direct replication),AD_Z_gain,0.20899470899470904,0.07546945646053649,2.7692621465214056,0.006270023001892051,0.05997086213678521,0.35801855585263287,163,AD_Y_sure_thing,Unstandardized,Replication,NA,Direct replication,NA,"Framing effects by label of risk-averse alternative, among Democrats",Program A,NA,NA,NA,NA,NA,NA,NA,NA
Druckman (2001),Week 13 (direct replication),AD_Z_gain,0.24705882352941183,0.15016397194516934,1.6452603133035302,0.10688448808451104,-0.055386941253162125,0.5495045883119858,45,AD_Y_sure_thing,Unstandardized,Replication,NA,Direct replication,NA,"Framing effects by label of risk-averse alternative, among Independents","Republicans'
 Program",NA,NA,NA,NA,NA,NA,NA,NA
Druckman (2001),Week 13 (direct replication),AD_Z_gain,0.1450304259634889,0.12701991539242288,1.141792808753047,0.2580024641683795,-0.10896159261926161,0.39902244454623936,61,AD_Y_sure_thing,Unstandardized,Replication,NA,Direct replication,NA,"Framing effects by label of risk-averse alternative, among Independents","Democrats'
 Program",NA,NA,NA,NA,NA,NA,NA,NA
Druckman (2001),Week 13 (direct replication),AD_Z_gain,0.21900161030595802,0.13685195903622205,1.6002811494133786,0.11609831807450985,-0.056157695181237616,0.4941609157931537,48,AD_Y_sure_thing,Unstandardized,Replication,NA,Direct replication,NA,"Framing effects by label of risk-averse alternative, among Independents",Program A,NA,NA,NA,NA,NA,NA,NA,NA
Druckman (2001),Week 13 (direct replication),AD_Z_gain,0.1277634223370657,0.05239211819612822,2.4386000554279446,0.01580455597340749,0.02431803351343692,0.23120881116069447,165,AD_Y_sure_thing,Unstandardized,Replication,NA,Direct replication,NA,"Framing effects by label of risk-averse alternative, among Republicans","Republicans'
 Program",NA,NA,NA,NA,NA,NA,NA,NA
Druckman (2001),Week 13 (direct replication),AD_Z_gain,0.10311375371616333,0.06434942022350842,1.6024037723729692,0.11106367763699561,-0.02398227605090658,0.23020978348323323,158,AD_Y_sure_thing,Unstandardized,Replication,NA,Direct replication,NA,"Framing effects by label of risk-averse alternative, among Republicans","Democrats'
 Program",NA,NA,NA,NA,NA,NA,NA,NA
Druckman (2001),Week 13 (direct replication),AD_Z_gain,0.1673596673596672,0.07975916425237545,2.098312700846571,0.0375535779860566,0.00976310952553991,0.3249562251937945,150,AD_Y_sure_thing,Unstandardized,Replication,NA,Direct replication,NA,"Framing effects by label of risk-averse alternative, among Republicans",Program A,NA,NA,NA,NA,NA,NA,NA,NA
Druckman (2001),Week 7,AD_Z_gain,0.013736263736263727,0.06151818210907306,0.22328786816081522,0.8235962914308135,-0.10775609007935762,0.13522861755188506,160,AD_Y_sure_thing,Unstandardized,Replication,NA,COVID-specific,NA,"Framing effects by label of risk-averse alternative, among Democrats","Republicans'
 Program",NA,NA,NA,NA,NA,NA,NA,NA
Druckman (2001),Week 7,AD_Z_gain,0.0819252432155657,0.058276268240629016,1.4058079847749947,0.1623022082331981,-0.03342905656280873,0.19727954299394013,123,AD_Y_sure_thing,Unstandardized,Replication,NA,COVID-specific,NA,"Framing effects by label of risk-averse alternative, among Democrats","Democrats'
 Program",NA,NA,NA,NA,NA,NA,NA,NA
Druckman (2001),Week 7,AD_Z_gain,0.061167747914735976,0.08192165867696453,0.7466614922426573,0.4564685936619174,-0.10073776622859987,0.22307326205807182,146,AD_Y_sure_thing,Unstandardized,Replication,NA,COVID-specific,NA,"Framing effects by label of risk-averse alternative, among Democrats",Program A,NA,NA,NA,NA,NA,NA,NA,NA
Druckman (2001),Week 7,AD_Z_gain,-0.35227272727272735,0.14012607803508811,-2.513969792150444,0.015670827771051322,-0.6346782812786205,-0.06986717326683423,44,AD_Y_sure_thing,Unstandardized,Replication,NA,COVID-specific,NA,"Framing effects by label of risk-averse alternative, among Independents","Republicans'
 Program",NA,NA,NA,NA,NA,NA,NA,NA
Druckman (2001),Week 7,AD_Z_gain,-0.047379032258064446,0.12789713023956858,-0.37044640618063224,0.7123331589547249,-0.3031251503382752,0.2083670858221463,61,AD_Y_sure_thing,Unstandardized,Replication,NA,COVID-specific,NA,"Framing effects by label of risk-averse alternative, among Independents","Democrats'
 Program",NA,NA,NA,NA,NA,NA,NA,NA
Druckman (2001),Week 7,AD_Z_gain,0.2929824561403508,0.1414885079712987,2.07071556793703,0.04390254565522859,0.008344292427312328,0.5776206198533893,47,AD_Y_sure_thing,Unstandardized,Replication,NA,COVID-specific,NA,"Framing effects by label of risk-averse alternative, among Independents",Program A,NA,NA,NA,NA,NA,NA,NA,NA
Druckman (2001),Week 7,AD_Z_gain,0.05347593582887711,0.0665631561326568,0.8033864217962027,0.42303117628855924,-0.07805373783783548,0.1850056094955897,149,AD_Y_sure_thing,Unstandardized,Replication,NA,COVID-specific,NA,"Framing effects by label of risk-averse alternative, among Republicans","Republicans'
 Program",NA,NA,NA,NA,NA,NA,NA,NA
Druckman (2001),Week 7,AD_Z_gain,-0.028856165402350215,0.0607572917650997,-0.4749416006545213,0.6354682652623003,-0.14883454856086992,0.09112221775616948,162,AD_Y_sure_thing,Unstandardized,Replication,NA,COVID-specific,NA,"Framing effects by label of risk-averse alternative, among Republicans","Democrats'
 Program",NA,NA,NA,NA,NA,NA,NA,NA
Druckman (2001),Week 7,AD_Z_gain,0.23011039208222314,0.08070479080533936,2.8512606226469424,0.004999755087475549,0.0705818617617529,0.3896389224026934,143,AD_Y_sure_thing,Unstandardized,Replication,NA,COVID-specific,NA,"Framing effects by label of risk-averse alternative, among Republicans",Program A,NA,NA,NA,NA,NA,NA,NA,NA
Druckman (2001),Week 8,AD_Z_gain,0.08582159624413142,0.06401133274373258,1.340725033607964,0.18212094104707877,-0.040701607987705765,0.2123448004759686,144,AD_Y_sure_thing,Unstandardized,Replication,NA,COVID-specific,NA,"Framing effects by label of risk-averse alternative, among Democrats","Republicans'
 Program",NA,NA,NA,NA,NA,NA,NA,NA
Druckman (2001),Week 8,AD_Z_gain,0.08978675645342314,0.05197879532510097,1.7273727852262173,0.08623005218388315,-0.01294723062101151,0.1925207435278578,145,AD_Y_sure_thing,Unstandardized,Replication,NA,COVID-specific,NA,"Framing effects by label of risk-averse alternative, among Democrats","Democrats'
 Program",NA,NA,NA,NA,NA,NA,NA,NA
Druckman (2001),Week 8,AD_Z_gain,0.16814516129032256,0.07559326655272779,2.22434045991435,0.027434494967492694,0.018929045740326722,0.3173612768403184,171,AD_Y_sure_thing,Unstandardized,Replication,NA,COVID-specific,NA,"Framing effects by label of risk-averse alternative, among Democrats",Program A,NA,NA,NA,NA,NA,NA,NA,NA
Druckman (2001),Week 8,AD_Z_gain,9.690821045004954e-17,0.1402074165588955,6.911774913800106e-16,0.9999999999999994,-0.28222289172726367,0.2822228917272639,46,AD_Y_sure_thing,Unstandardized,Replication,NA,COVID-specific,NA,"Framing effects by label of risk-averse alternative, among Independents","Republicans'
 Program",NA,NA,NA,NA,NA,NA,NA,NA
Druckman (2001),Week 8,AD_Z_gain,-0.08361204013377928,0.13909461732286324,-0.6011162886317946,0.5506508227330238,-0.3634343170439213,0.1962102367763628,47,AD_Y_sure_thing,Unstandardized,Replication,NA,COVID-specific,NA,"Framing effects by label of risk-averse alternative, among Independents","Democrats'
 Program",NA,NA,NA,NA,NA,NA,NA,NA
Druckman (2001),Week 8,AD_Z_gain,-0.10000000000000005,0.14205852305908093,-0.7039352363139162,0.48473869465451547,-0.3853329409418931,0.185332940941893,50,AD_Y_sure_thing,Unstandardized,Replication,NA,COVID-specific,NA,"Framing effects by label of risk-averse alternative, among Independents",Program A,NA,NA,NA,NA,NA,NA,NA,NA
Druckman (2001),Week 8,AD_Z_gain,0.08490962589323266,0.06516507889821813,1.3029927582202994,0.19476301075562222,-0.04394983507262805,0.21376908685909335,137,AD_Y_sure_thing,Unstandardized,Replication,NA,COVID-specific,NA,"Framing effects by label of risk-averse alternative, among Republicans","Republicans'
 Program",NA,NA,NA,NA,NA,NA,NA,NA
Druckman (2001),Week 8,AD_Z_gain,0.12429233144621704,0.07159380249718256,1.7360766869605555,0.0850543264712772,-0.01742321082963455,0.26600787372206863,123,AD_Y_sure_thing,Unstandardized,Replication,NA,COVID-specific,NA,"Framing effects by label of risk-averse alternative, among Republicans","Democrats'
 Program",NA,NA,NA,NA,NA,NA,NA,NA
Druckman (2001),Week 8,AD_Z_gain,0.1890410958904111,0.0812733040730257,2.3259925020465992,0.021395306647007704,0.02841695455120566,0.3496652372296165,146,AD_Y_sure_thing,Unstandardized,Replication,NA,COVID-specific,NA,"Framing effects by label of risk-averse alternative, among Republicans",Program A,NA,NA,NA,NA,NA,NA,NA,NA
Druckman (2001),Druckman (2001),AD_Z_gain,0.3310052041369007,0.16403303590154358,2.017917929261382,0.045302913162257846,0.007008929237619144,0.6550014790361822,157,AD_Y_sure_thing_s,Standardized,Pre-COVID,NA,COVID-specific,NA,NA,"Republicans'
 Program",NA,NA,NA,NA,NA,NA,NA,NA
Druckman (2001),Druckman (2001),AD_Z_gain,0.45300414010345297,0.15958817768686775,2.8385820721150443,0.005130892991746317,0.13778730098121106,0.7682209792256949,157,AD_Y_sure_thing_s,Standardized,Pre-COVID,NA,COVID-specific,NA,NA,"Democrats'
 Program",NA,NA,NA,NA,NA,NA,NA,NA
Druckman (2001),Druckman (2001),AD_Z_gain,1.0502175372857248,0.1748891817607768,6.005045747896922,1.4858934872787778e-8,0.7045359413338862,1.3958991332375632,144,AD_Y_sure_thing_s,Standardized,Pre-COVID,NA,COVID-specific,NA,NA,Program A,NA,NA,NA,NA,NA,NA,NA,NA
Druckman (2001),Week 13 (direct replication),AD_Z_gain,0.26068667070363605,0.10438425009350864,2.497375518529949,0.012962533078027503,0.05539938575703435,0.46597395565023775,356,AD_Y_sure_thing_s,Standardized,Replication,NA,Direct replication,NA,NA,"Republicans'
 Program",NA,NA,NA,NA,NA,NA,NA,NA
Druckman (2001),Week 13 (direct replication),AD_Z_gain,0.3498142312825396,0.10569000986060394,3.30981359301522,0.0010279396276833032,0.1419668514959722,0.5576616110691069,360,AD_Y_sure_thing_s,Standardized,Replication,NA,Direct replication,NA,NA,"Democrats'
 Program",NA,NA,NA,NA,NA,NA,NA,NA
Druckman (2001),Week 13 (direct replication),AD_Z_gain,0.38655873057607454,0.10101777485156432,3.826640718864423,1.5279181642909872e-4,0.18790883237021488,0.5852086287819342,365,AD_Y_sure_thing_s,Standardized,Replication,NA,Direct replication,NA,NA,Program A,NA,NA,NA,NA,NA,NA,NA,NA
Druckman (2001),Week 7,AD_Z_gain,-0.08064153756641496,0.10562188379052313,-0.7634927031442558,0.4456738664534021,-0.28836083009274904,0.12707775495991916,357,AD_Y_sure_thing_s,Standardized,Replication,NA,COVID-specific,NA,NA,"Republicans'
 Program",NA,NA,NA,NA,NA,NA,NA,NA
Druckman (2001),Week 7,AD_Z_gain,0.011593755063293347,0.10661438744379699,0.10874475144740788,0.9134672620026253,-0.1980916909629125,0.2212792010894992,350,AD_Y_sure_thing_s,Standardized,Replication,NA,COVID-specific,NA,NA,"Democrats'
 Program",NA,NA,NA,NA,NA,NA,NA,NA
Druckman (2001),Week 7,AD_Z_gain,0.33638965340495575,0.10498658450806163,3.204120364341649,0.0014830038384003204,0.12988463913852952,0.542894667671382,340,AD_Y_sure_thing_s,Standardized,Replication,NA,COVID-specific,NA,NA,Program A,NA,NA,NA,NA,NA,NA,NA,NA
Druckman (2001),Week 8,AD_Z_gain,0.2029540462961209,0.10949473645955857,1.853550708084321,0.0646930761385108,-0.012439269051899515,0.4183473616441413,331,AD_Y_sure_thing_s,Standardized,Replication,NA,COVID-specific,NA,NA,"Republicans'
 Program",NA,NA,NA,NA,NA,NA,NA,NA
Druckman (2001),Week 8,AD_Z_gain,0.25080537245951146,0.11064233991345765,2.2668118972871207,0.024070886945448927,0.03312449212047361,0.4684862527985493,319,AD_Y_sure_thing_s,Standardized,Replication,NA,COVID-specific,NA,NA,"Democrats'
 Program",NA,NA,NA,NA,NA,NA,NA,NA
Druckman (2001),Week 8,AD_Z_gain,0.27371102721290386,0.10326593638586683,2.6505451535358806,0.008380324421039117,0.07065107883324703,0.47677097559256065,371,AD_Y_sure_thing_s,Standardized,Replication,NA,COVID-specific,NA,NA,Program A,NA,NA,NA,NA,NA,NA,NA,NA
Gilens (2001),Gilens (2001),gilens_Z,0.21244362575314327,0.06352206011912917,3.3444070509477624,8.533212613788211e-4,0.08780102306936304,0.3370862284369235,1065,gilens_Y_std,Standardized,Pre-COVID,NA,NA,NA,NA,NA,NA,NA,NA,NA,NA,NA,NA,NA
Gilens (2001),Week 3,gilens_Z,-0.052455039552392314,0.0617654823528845,-0.8492613925153394,0.39593205695418165,-0.1736547559142107,0.06874467680942606,1036,gilens_Y_std,Standardized,Replication,NA,NA,NA,NA,NA,NA,NA,NA,NA,NA,NA,NA,NA
Knobe (2003),Knobe (2003),knobe_ZHarm,0.5897435897435898,0.09245003270420481,6.379052256590138,1.2656912752473637e-8,0.40561339184587164,0.7738737876413079,76,knobe_intent_binary,Unstandardized,Pre-COVID,NA,Pre-COVID,NA,NA,NA,Original,NA,NA,NA,NA,NA,NA,NA
Knobe (2003),Many Labs (2018),knobe_ZHarm,0.6413195831193658,0.011820816986604917,54.253405990981385,0,0.6181443660154704,0.6644948002232611,4100,knobe_intent_binary,Unstandardized,Pre-COVID,NA,Pre-COVID,NA,NA,NA,Original,NA,NA,NA,NA,NA,NA,NA
Knobe (2003),Week 7,knobe_ZHarm,0.3838058054659654,0.04011939313564173,9.56659050570223,4.154583758672206e-20,0.3049932622872452,0.46261834864468554,530,knobe_intent_binary,Unstandardized,Replication,NA,COVID-specific,NA,NA,NA,Modified,NA,NA,NA,NA,NA,NA,NA
Knobe (2003),Week 7,knobe_ZHarm,0.3896896277301257,0.04042515369805313,9.639780979951924,2.4353961378724788e-20,0.31027258075757536,0.4691066747026761,519,knobe_intent_binary,Unstandardized,Replication,NA,Direct replication,NA,NA,NA,Original,NA,NA,NA,NA,NA,NA,NA
Knobe (2003),Knobe (2003),knobe_ZHarm,1.381673565772747,0.21659542988464398,6.379052256590128,1.2656912752474117e-8,0.9502863806972903,1.8130607508482037,76,knobe_intent_binary_s,Standardized,Pre-COVID,NA,Pre-COVID,NA,NA,NA,Original,NA,NA,NA,NA,NA,NA,NA
Knobe (2003),Many Labs (2018),knobe_ZHarm,1.9864337950635447,0.036613992408028644,54.25340599098293,0,1.9146504975082248,2.0582170926188645,4100,knobe_intent_binary_s,Standardized,Pre-COVID,NA,Pre-COVID,NA,NA,NA,Original,NA,NA,NA,NA,NA,NA,NA
Knobe (2003),Week 7,knobe_ZHarm,0.8340736483691491,0.08718609287937991,9.566590505702235,4.154583758672085e-20,0.6628009253145329,1.0053463714237652,530,knobe_intent_binary_s,Standardized,Replication,NA,COVID-specific,NA,NA,NA,Modified,NA,NA,NA,NA,NA,NA,NA
Knobe (2003),Week 7,knobe_ZHarm,0.8468601696576048,0.08785056127507869,9.639780979951926,2.4353961378724436e-20,0.6742737596352765,1.0194465796799332,519,knobe_intent_binary_s,Standardized,Replication,NA,Direct replication,NA,NA,NA,Original,NA,NA,NA,NA,NA,NA,NA
Press et al. (2013) - prospective,Week 13,90/70,-0.039923371647509635,0.04609555962767791,-0.866100161707068,0.3867345524975402,-0.13042684537572788,0.050580102080708615,694,psv_approve_nuke_binary,Unstandardized,Replication,NA,NA,NA,NA,NA,NA,Approve Nuclear Use,NA,NA,NA,NA,NA,NA
Press et al. (2013) - prospective,Week 13,90/45,-0.05472222222222235,0.04579179148663964,-1.1950225235933014,0.23248644395235915,-0.14462928119392204,0.03518483674947735,694,psv_approve_nuke_binary,Unstandardized,Replication,NA,NA,NA,NA,NA,NA,Approve Nuclear Use,NA,NA,NA,NA,NA,NA
Press et al. (2013) - prospective,Week 6,90/70,-0.052136752136752146,0.06075128823198023,-0.8581999436401534,0.39130250926067167,-0.17157304764878245,0.06729954337527817,395,psv_approve_nuke_binary,Unstandardized,Replication,NA,NA,NA,NA,NA,NA,Approve Nuclear Use,NA,NA,NA,NA,NA,NA
Press et al. (2013) - prospective,Week 6,90/45,-0.13400809716599196,0.06112915333712051,-2.1922125508094665,0.02894705843286771,-0.25418727088973836,-0.013828923442245594,395,psv_approve_nuke_binary,Unstandardized,Replication,NA,NA,NA,NA,NA,NA,Approve Nuclear Use,NA,NA,NA,NA,NA,NA
Press et al. (2013) - prospective,Week 5,90/70,-0.01962163852407757,0.06668798390621251,-0.29423049513196725,0.7687719492073369,-0.15082235813861034,0.11157908109045521,321,psv_approve_nuke_binary,Unstandardized,Replication,NA,NA,NA,NA,NA,NA,Approve Nuclear Use,NA,NA,NA,NA,NA,NA
Press et al. (2013) - prospective,Week 5,90/45,0.09109833465503522,0.06933355748917361,1.313914040387444,0.18981333712581266,-0.04530723803116701,0.22750390734123746,321,psv_approve_nuke_binary,Unstandardized,Replication,NA,NA,NA,NA,NA,NA,Approve Nuclear Use,NA,NA,NA,NA,NA,NA
Press et al. (2013) - prospective,Aronow et al. (2019),90/70,0.1733681390771917,0.029896537114018257,5.798937128270308,8.015198620148599e-9,0.11472797387085917,0.23200830428352423,1612,psv_approve_nuke_binary,Unstandardized,Pre-COVID,NA,NA,NA,NA,NA,NA,Approve Nuclear Use,NA,NA,NA,NA,NA,NA
Press et al. (2013) - prospective,Aronow et al. (2019),90/45,0.27047925173821974,0.02934968387640177,9.215746679837157,9.345952246672341e-20,0.21291170454363723,0.32804679893280225,1612,psv_approve_nuke_binary,Unstandardized,Pre-COVID,NA,NA,NA,NA,NA,NA,Approve Nuclear Use,NA,NA,NA,NA,NA,NA
Press et al. (2013) - prospective,Press et al. (2013),90/70,0.05135663774512235,0.05979215163001939,0.8589193789664212,0.390849508811398,-0.06615487552561429,0.168868151015859,443,psv_approve_nuke_binary,Unstandardized,Pre-COVID,NA,NA,NA,NA,NA,NA,Approve Nuclear Use,NA,NA,NA,NA,NA,NA
Press et al. (2013) - prospective,Press et al. (2013),90/45,0.27518282613823963,0.052309148523302824,5.2607016918971725,2.2391623847520197e-7,0.1723779088823285,0.37798774339415075,443,psv_approve_nuke_binary,Unstandardized,Pre-COVID,NA,NA,NA,NA,NA,NA,Approve Nuclear Use,NA,NA,NA,NA,NA,NA
Press et al. (2013) - prospective,Week 13,90/70,-0.07988656458993339,0.09223709695709804,-0.8661001617070708,0.38673455249753874,-0.26098378411932704,0.10121065493946028,694,psv_approve_nuke_binary_s,Standardized,Replication,NA,NA,NA,NA,NA,NA,Approve Nuclear Use,NA,NA,NA,NA,NA,NA
Press et al. (2013) - prospective,Week 13,90/45,-0.10949902675198896,0.09162925768355984,-1.1950225235933054,0.23248644395235757,-0.2894028218785121,0.07040476837453417,694,psv_approve_nuke_binary_s,Standardized,Replication,NA,NA,NA,NA,NA,NA,Approve Nuclear Use,NA,NA,NA,NA,NA,NA
Press et al. (2013) - prospective,Week 6,90/70,-0.1043255077215352,0.12156317242229893,-0.8581999436401535,0.39130250926067167,-0.343317229664422,0.1346662142213516,395,psv_approve_nuke_binary_s,Standardized,Replication,NA,NA,NA,NA,NA,NA,Approve Nuclear Use,NA,NA,NA,NA,NA,NA
Press et al. (2013) - prospective,Week 6,90/45,-0.2681498597950416,0.12231927953155283,-2.1922125508094665,0.02894705843286771,-0.5086280791401687,-0.02767164044991438,395,psv_approve_nuke_binary_s,Standardized,Replication,NA,NA,NA,NA,NA,NA,Approve Nuclear Use,NA,NA,NA,NA,NA,NA
Press et al. (2013) - prospective,Week 5,90/70,-0.039262848517751206,0.13344248528739677,-0.29423049513196875,0.7687719492073357,-0.3017951530102727,0.22326945597477033,321,psv_approve_nuke_binary_s,Standardized,Replication,NA,NA,NA,NA,NA,NA,Approve Nuclear Use,NA,NA,NA,NA,NA,NA
Press et al. (2013) - prospective,Week 5,90/45,0.18228753472300427,0.1387362712626558,1.313914040387442,0.18981333712581336,-0.09065966745807377,0.45523473690408234,321,psv_approve_nuke_binary_s,Standardized,Replication,NA,NA,NA,NA,NA,NA,Approve Nuclear Use,NA,NA,NA,NA,NA,NA
Press et al. (2013) - prospective,Aronow et al. (2019),90/70,0.3469092030229485,0.05982289432519244,5.79893712827029,8.015198620149428e-9,0.2295703823772165,0.46424802366868045,1612,psv_approve_nuke_binary_s,Standardized,Pre-COVID,NA,NA,NA,NA,NA,NA,Approve Nuclear Use,NA,NA,NA,NA,NA,NA
Press et al. (2013) - prospective,Aronow et al. (2019),90/45,0.5412282911623736,0.05872864239492519,9.215746679837125,9.345952246674929e-20,0.42603577641566603,0.6564208059090811,1612,psv_approve_nuke_binary_s,Standardized,Pre-COVID,NA,NA,NA,NA,NA,NA,Approve Nuclear Use,NA,NA,NA,NA,NA,NA
Press et al. (2013) - prospective,Press et al. (2013),90/70,0.10276450081849409,0.11964394253411158,0.8589193789664278,0.39084950881139446,-0.13237573678087905,0.3379047384178672,443,psv_approve_nuke_binary_s,Standardized,Pre-COVID,NA,NA,NA,NA,NA,NA,Approve Nuclear Use,NA,NA,NA,NA,NA,NA
Press et al. (2013) - prospective,Press et al. (2013),90/45,0.5506401315106406,0.10467047245023713,5.260701691897189,2.2391623847518193e-7,0.3449277549348668,0.7563525080864144,443,psv_approve_nuke_binary_s,Standardized,Pre-COVID,NA,NA,NA,NA,NA,NA,Approve Nuclear Use,NA,NA,NA,NA,NA,NA
Press et al. (2013) - prospective,Week 13,90/70,0.09013409961685831,0.0372652369532283,2.41871800600613,0.01583158100707798,0.016967976441140536,0.16330022279257608,694,psv_prefer_binary,Unstandardized,Replication,NA,NA,NA,NA,NA,NA,Prefer Nuclear Use,NA,NA,NA,NA,NA,NA
Press et al. (2013) - prospective,Week 13,90/45,0.1402777777777779,0.03818422055801218,3.673710651358142,2.574616786056781e-4,0.0653073331185157,0.21524822243704006,694,psv_prefer_binary,Unstandardized,Replication,NA,NA,NA,NA,NA,NA,Prefer Nuclear Use,NA,NA,NA,NA,NA,NA
Press et al. (2013) - prospective,Week 6,90/70,0.09202279202279216,0.044922555350601266,2.048476345670761,0.04117381177801177,0.0037055932907733846,0.18033999075481094,395,psv_prefer_binary,Unstandardized,Replication,NA,NA,NA,NA,NA,NA,Prefer Nuclear Use,NA,NA,NA,NA,NA,NA
Press et al. (2013) - prospective,Week 6,90/45,0.1026604973973397,0.04563908079229598,2.2493988839203163,0.025037233187572176,0.012934618341220602,0.1923863764534588,395,psv_prefer_binary,Unstandardized,Replication,NA,NA,NA,NA,NA,NA,Prefer Nuclear Use,NA,NA,NA,NA,NA,NA
Press et al. (2013) - prospective,Week 5,90/70,0.04424640400250161,0.04832044096003078,0.9156870906683345,0.3605184067531514,-0.05081834761697257,0.1393111556219758,321,psv_prefer_binary,Unstandardized,Replication,NA,NA,NA,NA,NA,NA,Prefer Nuclear Use,NA,NA,NA,NA,NA,NA
Press et al. (2013) - prospective,Week 5,90/45,0.1334258524980174,0.05634456325159739,2.3680341952820925,0.018475098994781638,0.022574589467295125,0.24427711552873965,321,psv_prefer_binary,Unstandardized,Replication,NA,NA,NA,NA,NA,NA,Prefer Nuclear Use,NA,NA,NA,NA,NA,NA
Press et al. (2013) - prospective,Aronow et al. (2019),90/70,0.367626558058167,0.025971737721117567,14.154869497209292,5.826165515400219e-43,0.31668463843538386,0.4185684776809502,1612,psv_prefer_binary,Unstandardized,Pre-COVID,NA,NA,NA,NA,NA,NA,Prefer Nuclear Use,NA,NA,NA,NA,NA,NA
Press et al. (2013) - prospective,Aronow et al. (2019),90/45,0.5148886712283427,0.02528185493979001,20.365937248456476,3.11333877719644e-82,0.4652999130140453,0.5644774294426401,1612,psv_prefer_binary,Unstandardized,Pre-COVID,NA,NA,NA,NA,NA,NA,Prefer Nuclear Use,NA,NA,NA,NA,NA,NA
Press et al. (2013) - prospective,Press et al. (2013),90/70,0.2971061738301821,0.054533056313022424,5.448184897702745,8.457542315724615e-8,0.1899305362937631,0.40428181136660113,443,psv_prefer_binary,Unstandardized,Pre-COVID,NA,NA,NA,NA,NA,NA,Prefer Nuclear Use,NA,NA,NA,NA,NA,NA
Press et al. (2013) - prospective,Press et al. (2013),90/45,0.4755838641188962,0.04869390764367953,9.766804249907576,1.549633842285326e-20,0.37988410054990257,0.5712836276878898,443,psv_prefer_binary,Unstandardized,Pre-COVID,NA,NA,NA,NA,NA,NA,Prefer Nuclear Use,NA,NA,NA,NA,NA,NA
Press et al. (2013) - prospective,Week 13,90/70,0.2579326528346697,0.10664023346011148,2.4187180060061366,0.0158315810070777,0.04855648633872886,0.4673088193306105,694,psv_prefer_binary_s,Standardized,Replication,NA,NA,NA,NA,NA,NA,Prefer Nuclear Use,NA,NA,NA,NA,NA,NA
Press et al. (2013) - prospective,Week 13,90/45,0.40142653568158787,0.10927004703900191,3.6737106513581543,2.5746167860566575e-4,0.18688702447154334,0.6159660468916324,694,psv_prefer_binary_s,Standardized,Replication,NA,NA,NA,NA,NA,NA,Prefer Nuclear Use,NA,NA,NA,NA,NA,NA
Press et al. (2013) - prospective,Week 6,90/70,0.26333743797949233,0.12855283320016297,2.0484763456707578,0.04117381177801207,0.010604127759398285,0.5160707481995863,395,psv_prefer_binary_s,Standardized,Replication,NA,NA,NA,NA,NA,NA,Prefer Nuclear Use,NA,NA,NA,NA,NA,NA
Press et al. (2013) - prospective,Week 6,90/45,0.293778875559654,0.13060328146320072,2.2493988839203114,0.025037233187572477,0.03701440893442898,0.550543342184879,395,psv_prefer_binary_s,Standardized,Replication,NA,NA,NA,NA,NA,NA,Prefer Nuclear Use,NA,NA,NA,NA,NA,NA
Press et al. (2013) - prospective,Week 5,90/70,0.12661792164422095,0.13827640788493142,0.9156870906683355,0.36051840675315094,-0.14542455373979782,0.39866039702823974,321,psv_prefer_binary_s,Standardized,Replication,NA,NA,NA,NA,NA,NA,Prefer Nuclear Use,NA,NA,NA,NA,NA,NA
Press et al. (2013) - prospective,Week 5,90/45,0.38181869279031566,0.16123867364374403,2.3680341952820947,0.018475098994781544,0.06460067580088175,0.6990367097797496,321,psv_prefer_binary_s,Standardized,Replication,NA,NA,NA,NA,NA,NA,Prefer Nuclear Use,NA,NA,NA,NA,NA,NA
Press et al. (2013) - prospective,Aronow et al. (2019),90/70,1.0520201985208102,0.07432214042865042,14.154869497209305,5.8261655153993834e-43,0.9062420243930531,1.1977983726485673,1612,psv_prefer_binary_s,Standardized,Pre-COVID,NA,NA,NA,NA,NA,NA,Prefer Nuclear Use,NA,NA,NA,NA,NA,NA
Press et al. (2013) - prospective,Aronow et al. (2019),90/45,1.4734334890899063,0.07234793425485848,20.36593724845653,3.1133387771938606e-82,1.3315275954119221,1.6153393827678906,1612,psv_prefer_binary_s,Standardized,Pre-COVID,NA,NA,NA,NA,NA,NA,Prefer Nuclear Use,NA,NA,NA,NA,NA,NA
Press et al. (2013) - prospective,Press et al. (2013),90/70,0.8502152228216658,0.1560547666398329,5.448184897702759,8.457542315724034e-8,0.5435155761116535,1.1569148695316782,443,psv_prefer_binary_s,Standardized,Pre-COVID,NA,NA,NA,NA,NA,NA,Prefer Nuclear Use,NA,NA,NA,NA,NA,NA
Press et al. (2013) - prospective,Press et al. (2013),90/45,1.3609567104901386,0.13934514050519795,9.766804249907597,1.5496338422850552e-20,1.0870970502957373,1.6348163706845398,443,psv_prefer_binary_s,Standardized,Pre-COVID,NA,NA,NA,NA,NA,NA,Prefer Nuclear Use,NA,NA,NA,NA,NA,NA
Press et al. (2013) - retrospective,Week 13,Nuclear,-0.05306122448979603,0.03858708245140621,-1.3751033019046595,0.16975733317569464,-0.12888661079542954,0.022764161815837486,468,psv_retrospective_approve_binary,Unstandardized,Replication,NA,NA,NA,NA,NA,NA,Approve Strike,NA,NA,NA,NA,NA,NA
Press et al. (2013) - retrospective,Week 6,Nuclear,-0.11827956989247294,0.06671867551607999,-1.772810520855831,0.07791465020910061,-0.24991154975266738,0.013352409967721482,184,psv_retrospective_approve_binary,Unstandardized,Replication,NA,NA,NA,NA,NA,NA,Approve Strike,NA,NA,NA,NA,NA,NA
Press et al. (2013) - retrospective,Week 5,Nuclear,-0.03498355131188301,0.06359029098724428,-0.5501398211701914,0.5827765585631088,-0.1603014080310209,0.09033430540725489,222,psv_retrospective_approve_binary,Unstandardized,Replication,NA,NA,NA,NA,NA,NA,Approve Strike,NA,NA,NA,NA,NA,NA
Press et al. (2013) - retrospective,Aronow et al. (2019),Nuclear,-0.11707789533297347,0.029466895268311512,-3.973200918078336,7.547518558455122e-5,-0.17489482233949039,-0.05926096832645655,1113,psv_retrospective_approve_binary,Unstandardized,Pre-COVID,NA,NA,NA,NA,NA,NA,Approve Strike,NA,NA,NA,NA,NA,NA
Press et al. (2013) - retrospective,Press et al. (2013),Nuclear,-0.06516976998904699,0.05062962187886055,-1.2871865830832403,0.19896535727007647,-0.16478111817407104,0.03444157819597707,318,psv_retrospective_approve_binary,Unstandardized,Pre-COVID,NA,NA,NA,NA,NA,NA,Approve Strike,NA,NA,NA,NA,NA,NA
Press et al. (2013) - retrospective,Week 13,Nuclear,-0.11523460906852835,0.08380069257990763,-1.3751033019046603,0.16975733317569433,-0.2799068124037553,0.049437594266698595,468,psv_retrospective_approve_binary_s,Standardized,Replication,NA,NA,NA,NA,NA,NA,NA,NA,NA,NA,NA,NA,NA
Press et al. (2013) - retrospective,Week 6,Nuclear,-0.2568711922578018,0.14489489386254095,-1.7728105208558327,0.0779146502091004,-0.5427402027444117,0.028997818228808148,184,psv_retrospective_approve_binary_s,Standardized,Replication,NA,NA,NA,NA,NA,NA,NA,NA,NA,NA,NA,NA,NA
Press et al. (2013) - retrospective,Week 5,Nuclear,-0.07597479888593414,0.13810088992345476,-0.5501398211701947,0.5827765585631066,-0.34813124395841366,0.1961816461865454,222,psv_retrospective_approve_binary_s,Standardized,Replication,NA,NA,NA,NA,NA,NA,NA,NA,NA,NA,NA,NA,NA
Press et al. (2013) - retrospective,Aronow et al. (2019),Nuclear,-0.2542614805629997,0.0639941160302498,-3.9732009180783296,7.547518558455313e-5,-0.3798241875152458,-0.12869877361075352,1113,psv_retrospective_approve_binary_s,Standardized,Pre-COVID,NA,NA,NA,NA,NA,NA,NA,NA,NA,NA,NA,NA,NA
Press et al. (2013) - retrospective,Press et al. (2013),Nuclear,-0.14153109054650434,0.10995382674630631,-1.2871865830832379,0.19896535727007733,-0.35785996115328245,0.0747977800602738,318,psv_retrospective_approve_binary_s,Standardized,Pre-COVID,NA,NA,NA,NA,NA,NA,NA,NA,NA,NA,NA,NA,NA
Press et al. (2013) - retrospective,Week 13,Nuclear,-0.022040816326530606,0.04199981272398403,-0.5247836810935154,0.5999820684354173,-0.10457237409773218,0.060490741444670974,468,psv_retrospective_ethical_binary,Unstandardized,Replication,NA,NA,NA,NA,NA,NA,Ethical Strike,NA,NA,NA,NA,NA,NA
Press et al. (2013) - retrospective,Week 6,Nuclear,-0.0896819949668267,0.07126471364950246,-1.2584347901530202,0.2098203964927575,-0.23027800675125543,0.050914016817602006,185,psv_retrospective_ethical_binary,Unstandardized,Replication,NA,NA,NA,NA,NA,NA,Ethical Strike,NA,NA,NA,NA,NA,NA
Press et al. (2013) - retrospective,Week 5,Nuclear,-0.023830538393645084,0.06424768564152959,-0.37091668214490614,0.7110532900124737,-0.15044392761962713,0.10278285083233697,222,psv_retrospective_ethical_binary,Unstandardized,Replication,NA,NA,NA,NA,NA,NA,Ethical Strike,NA,NA,NA,NA,NA,NA
Press et al. (2013) - retrospective,Aronow et al. (2019),Nuclear,-0.12578834916467194,0.029670887605189985,-4.2394535289422635,2.426392671385692e-5,-0.18400552906324957,-0.06757116926609431,1113,psv_retrospective_ethical_binary,Unstandardized,Pre-COVID,NA,NA,NA,NA,NA,NA,Ethical Strike,NA,NA,NA,NA,NA,NA
Press et al. (2013) - retrospective,Press et al. (2013),Nuclear,-0.056016272883742536,0.055203423065095424,-1.0147246270885883,0.31100853263311085,-0.16462635512175278,0.05259380935426771,318,psv_retrospective_ethical_binary,Unstandardized,Pre-COVID,NA,NA,NA,NA,NA,NA,Ethical Strike,NA,NA,NA,NA,NA,NA
Press et al. (2013) - retrospective,Week 13,Nuclear,-0.045004089415523786,0.0857574102185243,-0.5247836810935148,0.5999820684354177,-0.213521332629731,0.12351315379868344,468,psv_retrospective_ethical_binary_s,Standardized,Replication,NA,NA,NA,NA,NA,NA,NA,NA,NA,NA,NA,NA,NA
Press et al. (2013) - retrospective,Week 6,Nuclear,-0.1831173791685483,0.14551201270133485,-1.2584347901530228,0.2098203964927566,-0.47019365583966977,0.10395889750257314,185,psv_retrospective_ethical_binary_s,Standardized,Replication,NA,NA,NA,NA,NA,NA,NA,NA,NA,NA,NA,NA,NA
Press et al. (2013) - retrospective,Week 5,Nuclear,-0.04865843736453354,0.13118427859096432,-0.37091668214490625,0.7110532900124737,-0.3071842653335174,0.20986739060445028,222,psv_retrospective_ethical_binary_s,Standardized,Replication,NA,NA,NA,NA,NA,NA,NA,NA,NA,NA,NA,NA,NA
Press et al. (2013) - retrospective,Aronow et al. (2019),Nuclear,-0.2568412181006145,0.060583567279883725,-4.23945352894227,2.4263926713856252e-5,-0.37571209524328664,-0.13797034095794236,1113,psv_retrospective_ethical_binary_s,Standardized,Pre-COVID,NA,NA,NA,NA,NA,NA,NA,NA,NA,NA,NA,NA,NA
Press et al. (2013) - retrospective,Press et al. (2013),Nuclear,-0.11437695030151135,0.11271723110700249,-1.0147246270885886,0.3110085326331107,-0.33614268620046844,0.10738878559744575,318,psv_retrospective_ethical_binary_s,Standardized,Pre-COVID,NA,NA,NA,NA,NA,NA,NA,NA,NA,NA,NA,NA,NA
Hainmueller & Hopkins (2015),Hainmueller & Hopkins (2015),NA,-0.022019839510634492,0.010344324379536494,-2.1286880324629913,0.03391379103759331,-0.04235821589350772,-0.0016814631277612714,385.38072244100744,Chosen_Immigrant,NA,Pre-COVID,NA,NA,NA,NA,NA,NA,NA,NA,gender,Male,Gender (reference: Female applicant),NA,NA
Hainmueller & Hopkins (2015),Hainmueller & Hopkins (2015),NA,0.04891287751524687,0.01871917079111794,2.61298313162758,0.009385500881565973,0.012089207153950052,0.0857365478765437,330.6910217623997,Chosen_Immigrant,NA,Pre-COVID,NA,NA,NA,NA,NA,NA,NA,NA,education,4th grade,Education (reference: No formal education),NA,NA
Hainmueller & Hopkins (2015),Hainmueller & Hopkins (2015),NA,0.05794474303688857,0.01875720355973632,3.089199456216976,0.0021814208331730096,0.02104291111520036,0.09484657495857678,322.7268445059016,Chosen_Immigrant,NA,Pre-COVID,NA,NA,NA,NA,NA,NA,NA,NA,education,8th grade,Education (reference: No formal education),NA,NA
Hainmueller & Hopkins (2015),Hainmueller & Hopkins (2015),NA,0.11594816756108874,0.018395152809597144,6.303191322259422,9.865658805934637e-10,0.0797548114562402,0.15214152366593728,313.9651617451711,Chosen_Immigrant,NA,Pre-COVID,NA,NA,NA,NA,NA,NA,NA,NA,education,High school,Education (reference: No formal education),NA,NA
Hainmueller & Hopkins (2015),Hainmueller & Hopkins (2015),NA,0.149471545352156,0.019059692527885908,7.842285237994619,6.810510555484522e-14,0.11197205235106397,0.18697103835324805,316.9737459438219,Chosen_Immigrant,NA,Pre-COVID,NA,NA,NA,NA,NA,NA,NA,NA,education,Two-year college,Education (reference: No formal education),NA,NA
Hainmueller & Hopkins (2015),Hainmueller & Hopkins (2015),NA,0.18665036639545898,0.02005736560542642,9.305826600925181,1.8572760241272267e-18,0.147194818253201,0.22610591453771697,331.99743694175737,Chosen_Immigrant,NA,Pre-COVID,NA,NA,NA,NA,NA,NA,NA,NA,education,College degree,Education (reference: No formal education),NA,NA
Hainmueller & Hopkins (2015),Hainmueller & Hopkins (2015),NA,0.17173760172839025,0.018846793461657366,9.11229817834953,1.1497575481760548e-17,0.13464991322292336,0.20882529023385715,301.95607406025164,Chosen_Immigrant,NA,Pre-COVID,NA,NA,NA,NA,NA,NA,NA,NA,education,Graduate degree,Education (reference: No formal education),NA,NA
Hainmueller & Hopkins (2015),Hainmueller & Hopkins (2015),NA,-0.06531039280244932,0.014187571559594062,-4.603352485526988,5.919487738773578e-6,-0.0932188277396526,-0.03740195786524605,333.4186821014632,Chosen_Immigrant,NA,Pre-COVID,NA,NA,NA,NA,NA,NA,NA,NA,language,Broken English,Language (reference: Applicant spoke fluent English),NA,NA
Hainmueller & Hopkins (2015),Hainmueller & Hopkins (2015),NA,-0.1322935516427004,0.01414240017264766,-9.354391760075133,8.958121962353164e-19,-0.16010502540626842,-0.1044820778791324,362.408203172864,Chosen_Immigrant,NA,Pre-COVID,NA,NA,NA,NA,NA,NA,NA,NA,language,Tried English but unable,Language (reference: Applicant spoke fluent English),NA,NA
Hainmueller & Hopkins (2015),Hainmueller & Hopkins (2015),NA,-0.16317423179870302,0.014147821463653273,-11.533523533493044,1.5878837282690357e-26,-0.1909937724040751,-0.13535469119333093,372.78366670871156,Chosen_Immigrant,NA,Pre-COVID,NA,NA,NA,NA,NA,NA,NA,NA,language,Used interpreter,Language (reference: Applicant spoke fluent English),NA,NA
Hainmueller & Hopkins (2015),Hainmueller & Hopkins (2015),NA,-0.012324974691748113,0.021900818233181935,-0.562763206402697,0.5740257002893895,-0.05542750897436192,0.030777559590865693,293.5298531451117,Chosen_Immigrant,NA,Pre-COVID,NA,NA,NA,NA,NA,NA,NA,NA,country,France,Country of origin (reference: Germany),NA,NA
Hainmueller & Hopkins (2015),Hainmueller & Hopkins (2015),NA,-0.018963113771450893,0.021844957865788096,-0.86807737913514,0.3860978500852097,-0.061964936666305,0.024038709123403217,279.0669806140018,Chosen_Immigrant,NA,Pre-COVID,NA,NA,NA,NA,NA,NA,NA,NA,country,Mexico,Country of origin (reference: Germany),NA,NA
Hainmueller & Hopkins (2015),Hainmueller & Hopkins (2015),NA,-0.0045441909548814595,0.023878844794351567,-0.190301959496649,0.8492086354685542,-0.051546407378240566,0.04245802546847764,283.6605055624741,Chosen_Immigrant,NA,Pre-COVID,NA,NA,NA,NA,NA,NA,NA,NA,country,Philippines,Country of origin (reference: Germany),NA,NA
Hainmueller & Hopkins (2015),Hainmueller & Hopkins (2015),NA,-0.020428847473970748,0.021301577883521335,-0.9590297763704293,0.33832973193819726,-0.06235130784355129,0.0214936128956098,294.7555970436477,Chosen_Immigrant,NA,Pre-COVID,NA,NA,NA,NA,NA,NA,NA,NA,country,Poland,Country of origin (reference: Germany),NA,NA
Hainmueller & Hopkins (2015),Hainmueller & Hopkins (2015),NA,-0.04062039128531986,0.021150373316053014,-1.9205519769473387,0.05578231579426778,-0.08225051087741861,0.0010097283067789023,286.02837909279765,Chosen_Immigrant,NA,Pre-COVID,NA,NA,NA,NA,NA,NA,NA,NA,country,India,Country of origin (reference: Germany),NA,NA
Hainmueller & Hopkins (2015),Hainmueller & Hopkins (2015),NA,-0.0519135573081055,0.02292797039159903,-2.2642020388829094,0.024250035885736914,-0.09702710819769615,-0.006800006418514845,311.01446532191665,Chosen_Immigrant,NA,Pre-COVID,NA,NA,NA,NA,NA,NA,NA,NA,country,China,Country of origin (reference: Germany),NA,NA
Hainmueller & Hopkins (2015),Hainmueller & Hopkins (2015),NA,-0.05832591776741477,0.023603568767983113,-2.471063521823468,0.014036032677570805,-0.10477862796550999,-0.011873207569319554,295.0197114093819,Chosen_Immigrant,NA,Pre-COVID,NA,NA,NA,NA,NA,NA,NA,NA,country,Sudan,Country of origin (reference: Germany),NA,NA
Hainmueller & Hopkins (2015),Hainmueller & Hopkins (2015),NA,-0.07852950679104792,0.022996911461471953,-3.414784934168787,7.358027164781692e-4,-0.12380428935157684,-0.033254724230519,271.7118825226147,Chosen_Immigrant,NA,Pre-COVID,NA,NA,NA,NA,NA,NA,NA,NA,country,Somalia,Country of origin (reference: Germany),NA,NA
Hainmueller & Hopkins (2015),Hainmueller & Hopkins (2015),NA,-0.14277054949759163,0.023669496174829364,-6.031837283018167,4.823359425859325e-9,-0.18935218803453882,-0.09618891096064444,296.2848536282715,Chosen_Immigrant,NA,Pre-COVID,NA,NA,NA,NA,NA,NA,NA,NA,country,Iraq,Country of origin (reference: Germany),NA,NA
Hainmueller & Hopkins (2015),Hainmueller & Hopkins (2015),NA,0.006598375155037603,0.020110828070896796,0.3281006198141777,0.7430701524372489,-0.03298177403627133,0.04617852434634654,292.71445263741043,Chosen_Immigrant,NA,Pre-COVID,NA,NA,NA,NA,NA,NA,NA,NA,profession,Waiter,Profession (reference: Janitor),NA,NA
Hainmueller & Hopkins (2015),Hainmueller & Hopkins (2015),NA,0.019172695041218,0.020094285840215574,0.9541366731654054,0.3408372370633346,-0.020382310290806362,0.05872770037324236,280.071357315375,Chosen_Immigrant,NA,Pre-COVID,NA,NA,NA,NA,NA,NA,NA,NA,profession,Child care provider,Profession (reference: Janitor),NA,NA
Hainmueller & Hopkins (2015),Hainmueller & Hopkins (2015),NA,0.015907356236252744,0.02079879202238328,0.7648211597641603,0.44495398360763616,-0.025015679564996646,0.056830392037502134,313.168415627414,Chosen_Immigrant,NA,Pre-COVID,NA,NA,NA,NA,NA,NA,NA,NA,profession,Gardener,Profession (reference: Janitor),NA,NA
Hainmueller & Hopkins (2015),Hainmueller & Hopkins (2015),NA,0.04815036214420279,0.032835828837282845,1.4663970379066946,0.14439563417245416,-0.01667016146129957,0.11297088574970515,169.25373821071756,Chosen_Immigrant,NA,Pre-COVID,NA,NA,NA,NA,NA,NA,NA,NA,profession,Financial analyst,Profession (reference: Janitor),NA,NA
Hainmueller & Hopkins (2015),Hainmueller & Hopkins (2015),NA,0.05254056779081745,0.020843523019699713,2.5207143600993027,0.01223503365227064,0.011520985445985371,0.09356015013564953,297.22592885654564,Chosen_Immigrant,NA,Pre-COVID,NA,NA,NA,NA,NA,NA,NA,NA,profession,Construction worker,Profession (reference: Janitor),NA,NA
Hainmueller & Hopkins (2015),Hainmueller & Hopkins (2015),NA,0.06408473264799629,0.020813682094629464,3.07897143603111,0.0022656549862627574,0.023128506802127566,0.10504095849386501,305.67893105062734,Chosen_Immigrant,NA,Pre-COVID,NA,NA,NA,NA,NA,NA,NA,NA,profession,Teacher,Profession (reference: Janitor),NA,NA
Hainmueller & Hopkins (2015),Hainmueller & Hopkins (2015),NA,0.06305380898415178,0.0323375533977071,1.9498633124366984,0.05286937486577058,-7.899327548987339e-4,0.1268975507232023,166.76763733707574,Chosen_Immigrant,NA,Pre-COVID,NA,NA,NA,NA,NA,NA,NA,NA,profession,Computer programmer,Profession (reference: Janitor),NA,NA
Hainmueller & Hopkins (2015),Hainmueller & Hopkins (2015),NA,0.08390629816993002,0.02044193073041361,4.104617087127382,5.132127501513681e-5,0.04369042922273913,0.1241221671171209,323.5760608265905,Chosen_Immigrant,NA,Pre-COVID,NA,NA,NA,NA,NA,NA,NA,NA,profession,Nurse,Profession (reference: Janitor),NA,NA
Hainmueller & Hopkins (2015),Hainmueller & Hopkins (2015),NA,0.11249082556087964,0.030316637330178885,3.710531096695871,2.9209347419800557e-4,0.052581211125182395,0.1724004399965769,147.9324555733445,Chosen_Immigrant,NA,Pre-COVID,NA,NA,NA,NA,NA,NA,NA,NA,profession,Research scientist,Profession (reference: Janitor),NA,NA
Hainmueller & Hopkins (2015),Hainmueller & Hopkins (2015),NA,0.15372686972927505,0.030247090425325675,5.08236883507184,1.0183819782172205e-6,0.0939972482371649,0.2134564912213852,161.92271095475394,Chosen_Immigrant,NA,Pre-COVID,NA,NA,NA,NA,NA,NA,NA,NA,profession,Doctor,Profession (reference: Janitor),NA,NA
Hainmueller & Hopkins (2015),Hainmueller & Hopkins (2015),NA,0.06338857136177628,0.013804820277928799,4.591770851455573,6.124243479636227e-6,0.03623840175891313,0.09053874096463943,352.49877548673896,Chosen_Immigrant,NA,Pre-COVID,NA,NA,NA,NA,NA,NA,NA,NA,experience,1-2 years,Job experience (reference: No job training or prior experience),NA,NA
Hainmueller & Hopkins (2015),Hainmueller & Hopkins (2015),NA,0.09944196441669945,0.013984383700575462,7.1109293441803505,6.520312238737784e-12,0.07193805831632266,0.12694587051707623,350.3316715190222,Chosen_Immigrant,NA,Pre-COVID,NA,NA,NA,NA,NA,NA,NA,NA,experience,3-5 years,Job experience (reference: No job training or prior experience),NA,NA
Hainmueller & Hopkins (2015),Hainmueller & Hopkins (2015),NA,0.12347265359593927,0.013615415859900958,9.068592165413113,1.1368762331580065e-17,0.0966879231472341,0.15025738404464445,327.42703937990916,Chosen_Immigrant,NA,Pre-COVID,NA,NA,NA,NA,NA,NA,NA,NA,experience,5+ years,Job experience (reference: No job training or prior experience),NA,NA
Hainmueller & Hopkins (2015),Hainmueller & Hopkins (2015),NA,-0.09773417992234355,0.0147230551778086,-6.6381724949081145,1.228766875119118e-10,-0.12669208643259855,-0.06877627341208854,346.15232960225785,Chosen_Immigrant,NA,Pre-COVID,NA,NA,NA,NA,NA,NA,NA,NA,employment,Interviews with employer,Jobs plans (reference: Contract with a U.S. employer),NA,NA
Hainmueller & Hopkins (2015),Hainmueller & Hopkins (2015),NA,-0.11768998249386382,0.015073614328328488,-7.807681683395867,6.931367497374367e-14,-0.14733695254380882,-0.08804301244391884,347.59102254444883,Chosen_Immigrant,NA,Pre-COVID,NA,NA,NA,NA,NA,NA,NA,NA,employment,Will look for work,Jobs plans (reference: Contract with a U.S. employer),NA,NA
Hainmueller & Hopkins (2015),Hainmueller & Hopkins (2015),NA,-0.2690010249427855,0.01435176145358531,-18.743415281305737,1.4833521415809053e-54,-0.29722899629155874,-0.24077305359401222,344.96626704774417,Chosen_Immigrant,NA,Pre-COVID,NA,NA,NA,NA,NA,NA,NA,NA,employment,No plans to look for work,Jobs plans (reference: Contract with a U.S. employer),NA,NA
Hainmueller & Hopkins (2015),Hainmueller & Hopkins (2015),NA,-0.03210676443475169,0.01122338945175299,-2.8607012678987904,0.0044556112794729005,-0.05417300726488393,-0.010040521604619445,388.1581631544944,Chosen_Immigrant,NA,Pre-COVID,NA,NA,NA,NA,NA,NA,NA,NA,reason,Seek better job,Application reason (reference: Reunite with family members already in the U.S.),NA,NA
Hainmueller & Hopkins (2015),Hainmueller & Hopkins (2015),NA,0.038062709450186076,0.020249747832973786,1.879663379719053,0.06115853913212085,-0.0017927434958636343,0.07791816239623578,289.39898163609877,Chosen_Immigrant,NA,Pre-COVID,NA,NA,NA,NA,NA,NA,NA,NA,reason,Escape persecution,Application reason (reference: Reunite with family members already in the U.S.),NA,NA
Hainmueller & Hopkins (2015),Hainmueller & Hopkins (2015),NA,0.07445420346394774,0.015660207869096325,4.7543560140651016,2.9832878039877554e-6,0.04364728779384928,0.1052611191340462,328.58385540074727,Chosen_Immigrant,NA,Pre-COVID,NA,NA,NA,NA,NA,NA,NA,NA,trips,Once as tourist,Prior trips to U.S. (reference: Never been to the U.S.),NA,NA
Hainmueller & Hopkins (2015),Hainmueller & Hopkins (2015),NA,0.05534596513102699,0.016310244225402212,3.393325346093164,7.787468766859275e-4,0.023255122177041718,0.08743680808501227,314.86355547917697,Chosen_Immigrant,NA,Pre-COVID,NA,NA,NA,NA,NA,NA,NA,NA,trips,Many times as tourist,Prior trips to U.S. (reference: Never been to the U.S.),NA,NA
Hainmueller & Hopkins (2015),Hainmueller & Hopkins (2015),NA,0.08381948780282898,0.015675510631245348,5.347161555028074,1.6853245474711598e-7,0.05298143609610086,0.1146575395095571,325.6351396896732,Chosen_Immigrant,NA,Pre-COVID,NA,NA,NA,NA,NA,NA,NA,NA,trips,Six months with family,Prior trips to U.S. (reference: Never been to the U.S.),NA,NA
Hainmueller & Hopkins (2015),Hainmueller & Hopkins (2015),NA,-0.10902725694331229,0.016182036795711174,-6.737548450774037,7.595077182831894e-11,-0.14086498391529673,-0.07718952997132786,317.09491415508757,Chosen_Immigrant,NA,Pre-COVID,NA,NA,NA,NA,NA,NA,NA,NA,trips,Once w/o authorization,Prior trips to U.S. (reference: Never been to the U.S.),NA,NA
Hainmueller & Hopkins (2015),Week 8,NA,-0.019338685293541772,0.009775258515453961,-1.9783298071318258,0.04814534653193193,-0.038519339207790604,-1.5803137929293679e-4,1079.8097724991817,conjoint_chosen,NA,Replication,NA,NA,NA,NA,NA,NA,NA,NA,gender,Male,Gender (reference: Female applicant),NA,NA
Hainmueller & Hopkins (2015),Week 8,NA,0.03471279929066446,0.01873572822992757,1.8527595439400038,0.06427854983002555,-0.0020632276116328493,0.07148882619296176,814.1159284050544,conjoint_chosen,NA,Replication,NA,NA,NA,NA,NA,NA,NA,NA,education,4th grade,Education (reference: No formal education),NA,NA
Hainmueller & Hopkins (2015),Week 8,NA,0.03724137382082074,0.01925517097218356,1.9340972809132901,0.053449755870665853,-5.546361330898836e-4,0.07503738377473136,808.6815876244909,conjoint_chosen,NA,Replication,NA,NA,NA,NA,NA,NA,NA,NA,education,8th grade,Education (reference: No formal education),NA,NA
Hainmueller & Hopkins (2015),Week 8,NA,0.05961721505108752,0.019016742004522635,3.1349857424005183,0.0017809354492353633,0.022289030706237174,0.09694539939593785,805.9871592343609,conjoint_chosen,NA,Replication,NA,NA,NA,NA,NA,NA,NA,NA,education,High school,Education (reference: No formal education),NA,NA
Hainmueller & Hopkins (2015),Week 8,NA,0.10573350193775717,0.018057254132095996,5.855458485784967,6.813951494944979e-9,0.07029101558926956,0.14117598828624478,842.4676804878012,conjoint_chosen,NA,Replication,NA,NA,NA,NA,NA,NA,NA,NA,education,Two-year college,Education (reference: No formal education),NA,NA
Hainmueller & Hopkins (2015),Week 8,NA,0.12444334051902828,0.0183397471549687,6.785444721102026,2.180285232580874e-11,0.08844638428920551,0.16044029674885105,842.5141245241396,conjoint_chosen,NA,Replication,NA,NA,NA,NA,NA,NA,NA,NA,education,College degree,Education (reference: No formal education),NA,NA
Hainmueller & Hopkins (2015),Week 8,NA,0.13558516334924334,0.01853710608696927,7.3142572909238215,6.023081371597851e-13,0.09920088507645539,0.1719694416220313,843.3333435124591,conjoint_chosen,NA,Replication,NA,NA,NA,NA,NA,NA,NA,NA,education,Graduate degree,Education (reference: No formal education),NA,NA
Hainmueller & Hopkins (2015),Week 8,NA,-0.043141210528716493,0.013444633273231595,-3.2088053018605645,0.001376138334348827,-0.06952478977318906,-0.016757631284243926,980.0758908101517,conjoint_chosen,NA,Replication,NA,NA,NA,NA,NA,NA,NA,NA,language,Broken English,Language (reference: Applicant spoke fluent English),NA,NA
Hainmueller & Hopkins (2015),Week 8,NA,-0.08669932948971494,0.013805485011060587,-6.280064005013496,5.077973336862389e-10,-0.1137910231308708,-0.059607635848559076,980.5593375371989,conjoint_chosen,NA,Replication,NA,NA,NA,NA,NA,NA,NA,NA,language,Tried English but unable,Language (reference: Applicant spoke fluent English),NA,NA
Hainmueller & Hopkins (2015),Week 8,NA,-0.08779673627216772,0.013404855005914965,-6.549622225188331,9.305295899870854e-11,-0.11410231578602602,-0.06149115675830942,978.2520207022786,conjoint_chosen,NA,Replication,NA,NA,NA,NA,NA,NA,NA,NA,language,Used interpreter,Language (reference: Applicant spoke fluent English),NA,NA
Hainmueller & Hopkins (2015),Week 8,NA,-0.02407234530499089,0.023833375287804832,-1.0100266963575375,0.3128327697777234,-0.07086610638772281,0.022721415777741033,697.451900951684,conjoint_chosen,NA,Replication,NA,NA,NA,NA,NA,NA,NA,NA,country,France,Country of origin (reference: Germany),NA,NA
Hainmueller & Hopkins (2015),Week 8,NA,-0.01875503851273499,0.023920267618071846,-0.7840647442658834,0.43326138277715687,-0.06571727397549344,0.028207196950023456,716.1146627392934,conjoint_chosen,NA,Replication,NA,NA,NA,NA,NA,NA,NA,NA,country,Mexico,Country of origin (reference: Germany),NA,NA
Hainmueller & Hopkins (2015),Week 8,NA,-0.025153638458532676,0.02392012545851327,-1.0515679987614945,0.2933595581205096,-0.07211717588438407,0.021809898967318712,702.1517204840164,conjoint_chosen,NA,Replication,NA,NA,NA,NA,NA,NA,NA,NA,country,Philippines,Country of origin (reference: Germany),NA,NA
Hainmueller & Hopkins (2015),Week 8,NA,-0.015847577435619663,0.023494465073976786,-0.6745238670350892,0.5002003309746543,-0.06197539309969942,0.030280238228460096,702.1708819608396,conjoint_chosen,NA,Replication,NA,NA,NA,NA,NA,NA,NA,NA,country,Poland,Country of origin (reference: Germany),NA,NA
Hainmueller & Hopkins (2015),Week 8,NA,-0.06446278651787178,0.023486519322791385,-2.744671768171153,0.00621041712356964,-0.1105742226911538,-0.018351350344589762,709.110988701999,conjoint_chosen,NA,Replication,NA,NA,NA,NA,NA,NA,NA,NA,country,India,Country of origin (reference: Germany),NA,NA
Hainmueller & Hopkins (2015),Week 8,NA,-0.11642585795518125,0.022690300991588377,-5.131084774871078,3.6961097405553616e-7,-0.16097186965607085,-0.07187984625429164,730.1750649790977,conjoint_chosen,NA,Replication,NA,NA,NA,NA,NA,NA,NA,NA,country,China,Country of origin (reference: Germany),NA,NA
Hainmueller & Hopkins (2015),Week 8,NA,-0.07279124004444072,0.023174301940271314,-3.1410326935434982,0.001750886858586784,-0.11828681549554845,-0.02729566459333299,736.3724425453688,conjoint_chosen,NA,Replication,NA,NA,NA,NA,NA,NA,NA,NA,country,Sudan,Country of origin (reference: Germany),NA,NA
Hainmueller & Hopkins (2015),Week 8,NA,-0.07282147200436362,0.02294209983247263,-3.1741415361331002,0.0015660993288914454,-0.11786209411522211,-0.027780849893505127,727.506090481187,conjoint_chosen,NA,Replication,NA,NA,NA,NA,NA,NA,NA,NA,country,Somalia,Country of origin (reference: Germany),NA,NA
Hainmueller & Hopkins (2015),Week 8,NA,-0.10646458333212597,0.022990192123307888,-4.630869666556208,4.300350872884044e-6,-0.15159829727272864,-0.0613308693915233,740.5466063938871,conjoint_chosen,NA,Replication,NA,NA,NA,NA,NA,NA,NA,NA,country,Iraq,Country of origin (reference: Germany),NA,NA
Hainmueller & Hopkins (2015),Week 8,NA,0.002721003916734601,0.02008998315680432,0.1354408261817292,0.892297300128399,-0.03671409569424497,0.04215610352771418,802.7695240268631,conjoint_chosen,NA,Replication,NA,NA,NA,NA,NA,NA,NA,NA,profession,Waiter,Profession (reference: Janitor),NA,NA
Hainmueller & Hopkins (2015),Week 8,NA,0.013100240500063552,0.02068756702929613,0.6332422020197932,0.5267581274590918,-0.0275086469498608,0.0537091279499879,792.7315213832176,conjoint_chosen,NA,Replication,NA,NA,NA,NA,NA,NA,NA,NA,profession,Child care provider,Profession (reference: Janitor),NA,NA
Hainmueller & Hopkins (2015),Week 8,NA,-0.0013232606959180286,0.0198553743020882,-0.06664496351392683,0.9468808743000316,-0.040297595643248696,0.03765107425141263,806.1315822014561,conjoint_chosen,NA,Replication,NA,NA,NA,NA,NA,NA,NA,NA,profession,Gardener,Profession (reference: Janitor),NA,NA
Hainmueller & Hopkins (2015),Week 8,NA,0.03472763983779109,0.026013451562320912,1.3349877756357489,0.1824206574535502,-0.016367784428088665,0.08582306410367085,562.2178786957456,conjoint_chosen,NA,Replication,NA,NA,NA,NA,NA,NA,NA,NA,profession,Financial analyst,Profession (reference: Janitor),NA,NA
Hainmueller & Hopkins (2015),Week 8,NA,0.01806387842996609,0.01990851743605153,0.9073442303270128,0.3644989374934835,-0.021015422426549538,0.057143179286481716,797.3029924792068,conjoint_chosen,NA,Replication,NA,NA,NA,NA,NA,NA,NA,NA,profession,Construction worker,Profession (reference: Janitor),NA,NA
Hainmueller & Hopkins (2015),Week 8,NA,0.04637186924302925,0.020058859407792205,2.3117899328321387,0.021041210636872035,0.006997946056068488,0.08574579242999002,803.8902861287128,conjoint_chosen,NA,Replication,NA,NA,NA,NA,NA,NA,NA,NA,profession,Teacher,Profession (reference: Janitor),NA,NA
Hainmueller & Hopkins (2015),Week 8,NA,0.08511188942581786,0.0252300174488064,3.3734375966451977,7.919242683081771e-4,0.035558456153033255,0.13466532269860249,579.4304277597973,conjoint_chosen,NA,Replication,NA,NA,NA,NA,NA,NA,NA,NA,profession,Computer programmer,Profession (reference: Janitor),NA,NA
Hainmueller & Hopkins (2015),Week 8,NA,0.06434489887643123,0.020063079367336034,3.2071297580165488,0.001395194158298345,0.0249610607044759,0.10372873704838656,782.3943642298171,conjoint_chosen,NA,Replication,NA,NA,NA,NA,NA,NA,NA,NA,profession,Nurse,Profession (reference: Janitor),NA,NA
Hainmueller & Hopkins (2015),Week 8,NA,0.06680614661179474,0.02621259371290859,2.5486278597030076,0.011072984948712188,0.015322260945565963,0.11829003227802351,576.1836943271961,conjoint_chosen,NA,Replication,NA,NA,NA,NA,NA,NA,NA,NA,profession,Research scientist,Profession (reference: Janitor),NA,NA
Hainmueller & Hopkins (2015),Week 8,NA,0.03171518744967724,0.026981229819061165,1.1754537381121049,0.24029406197900774,-0.021277297444107293,0.08470767234346177,581.7697712383483,conjoint_chosen,NA,Replication,NA,NA,NA,NA,NA,NA,NA,NA,profession,Doctor,Profession (reference: Janitor),NA,NA
Hainmueller & Hopkins (2015),Week 8,NA,0.03701268699234923,0.013732433707866335,2.6952751260067824,0.00715323318381645,0.010064392205737401,0.06396098177896105,981.8560516745805,conjoint_chosen,NA,Replication,NA,NA,NA,NA,NA,NA,NA,NA,experience,1-2 years,Job experience (reference: No job training or prior experience),NA,NA
Hainmueller & Hopkins (2015),Week 8,NA,0.042346828675649345,0.013355652148896903,3.170704672713937,0.0015680046551669817,0.016137796829521746,0.06855586052177695,978.0223956156539,conjoint_chosen,NA,Replication,NA,NA,NA,NA,NA,NA,NA,NA,experience,3-5 years,Job experience (reference: No job training or prior experience),NA,NA
Hainmueller & Hopkins (2015),Week 8,NA,0.054764278038294194,0.013474403585519084,4.064319262126693,5.203286154144984e-5,0.02832225144071503,0.08120630463587336,979.2831364042623,conjoint_chosen,NA,Replication,NA,NA,NA,NA,NA,NA,NA,NA,experience,5+ years,Job experience (reference: No job training or prior experience),NA,NA
Hainmueller & Hopkins (2015),Week 8,NA,-0.04336839410539992,0.014005664809264963,-3.0964895059255637,0.0020138391028023408,-0.07085287325351208,-0.01588391495728777,981.8477594096746,conjoint_chosen,NA,Replication,NA,NA,NA,NA,NA,NA,NA,NA,employment,Interviews with employer,Jobs plans (reference: Contract with a U.S. employer),NA,NA
Hainmueller & Hopkins (2015),Week 8,NA,-0.04497387538077411,0.013721598475891163,-3.277597392154651,0.0010835040628702902,-0.07190076376546677,-0.01804698699608145,986.114862253013,conjoint_chosen,NA,Replication,NA,NA,NA,NA,NA,NA,NA,NA,employment,Will look for work,Jobs plans (reference: Contract with a U.S. employer),NA,NA
Hainmueller & Hopkins (2015),Week 8,NA,-0.14694971553736172,0.014363829958311149,-10.230538509844596,2.053539869699304e-23,-0.17513700305784635,-0.11876242801687709,983.2281954758455,conjoint_chosen,NA,Replication,NA,NA,NA,NA,NA,NA,NA,NA,employment,No plans to look for work,Jobs plans (reference: Contract with a U.S. employer),NA,NA
Hainmueller & Hopkins (2015),Week 8,NA,-0.02881803951828323,0.010390431242322674,-2.7735171761592112,0.005642813198777042,-0.04920621784024243,-0.008429861196324027,1058.7515946245155,conjoint_chosen,NA,Replication,NA,NA,NA,NA,NA,NA,NA,NA,reason,Seek better job,Application reason (reference: Reunite with family members already in the U.S.),NA,NA
Hainmueller & Hopkins (2015),Week 8,NA,0.03136329811715725,0.015580526023164985,2.0129806959358483,0.04440610241272367,7.860024515402506e-4,0.06194059378277424,924.6246461129437,conjoint_chosen,NA,Replication,NA,NA,NA,NA,NA,NA,NA,NA,reason,Escape persecution,Application reason (reference: Reunite with family members already in the U.S.),NA,NA
Hainmueller & Hopkins (2015),Week 8,NA,0.04005771110820447,0.015048182949698778,2.6619633242169156,0.007901775390890814,0.010525637937882353,0.06958978427852658,936.2756434920492,conjoint_chosen,NA,Replication,NA,NA,NA,NA,NA,NA,NA,NA,trips,Once as tourist,Prior trips to U.S. (reference: Never been to the U.S.),NA,NA
Hainmueller & Hopkins (2015),Week 8,NA,0.052632010503266255,0.014800681467399124,3.5560531870911958,3.953388203495045e-4,0.02358562407624184,0.08167839693029066,935.4011563252851,conjoint_chosen,NA,Replication,NA,NA,NA,NA,NA,NA,NA,NA,trips,Many times as tourist,Prior trips to U.S. (reference: Never been to the U.S.),NA,NA
Hainmueller & Hopkins (2015),Week 8,NA,0.04808856962860977,0.014736042785656277,3.2633299406145913,0.0011407996277375627,0.01916923345773821,0.07700790579948133,940.3360900319996,conjoint_chosen,NA,Replication,NA,NA,NA,NA,NA,NA,NA,NA,trips,Six months with family,Prior trips to U.S. (reference: Never been to the U.S.),NA,NA
Hainmueller & Hopkins (2015),Week 8,NA,-0.0627771603514567,0.015750000258294074,-3.9858513855196764,7.246644257520483e-5,-0.09368654942388237,-0.031867771279031024,936.3043140987759,conjoint_chosen,NA,Replication,NA,NA,NA,NA,NA,NA,NA,NA,trips,Once w/o authorization,Prior trips to U.S. (reference: Never been to the U.S.),NA,NA
Porter et al. (2018),Porter et al. (2018),treatment_2correction,0.5584456754957927,0.08233779076748862,6.7823738078274625,2.6145787969099893e-11,0.3967723191156707,0.7201190318759148,665,fakenews_scaramucci_Y_std,Standardized,Pre-COVID,NA,NA,NA,NA,NA,NA,NA,NA,NA,NA,NA,"Anthony Scaramucci subject of
Senate Russia investigation",NA
Porter et al. (2018),Porter et al. (2018),treatment_2correction,0.6120357562203305,0.06903553199659403,8.865518067573177,6.040272186426392e-18,0.4764985232202159,0.747572989220445,713,fakenews_podesta_Y_std,Standardized,Pre-COVID,NA,NA,NA,NA,NA,NA,NA,NA,NA,NA,NA,"John Podesta implicated in
disappearance of Madeleine McCann",NA
Porter et al. (2018),Porter et al. (2018),treatment_2correction,0.47529329398408476,0.07401051360346461,6.421969945116489,2.5564875258479135e-10,0.3299716547585137,0.6206149332096558,667,fakenews_pizza_Y_std,Standardized,Pre-COVID,NA,NA,NA,NA,NA,NA,NA,NA,NA,NA,NA,"DC pizza restaurant concealed sex
dungeon used by Democratic elites",NA
Porter et al. (2018),Porter et al. (2018),treatment_2correction,0.5312126809108217,0.07136802161169083,7.443287188218814,2.801088168773072e-13,0.3910990484994916,0.6713263133221519,722,fakenews_pedo_Y_std,Standardized,Pre-COVID,NA,NA,NA,NA,NA,NA,NA,NA,NA,NA,NA,"President Trump orders
crackdown on sex trafficking",NA
Porter et al. (2018),Porter et al. (2018),treatment_2correction,0.24433206689918557,0.06939492777763691,3.5208923004012926,4.5761716698457873e-4,0.10808792636010692,0.38057620743826426,709,fakenews_obama_Y_std,Standardized,Pre-COVID,NA,NA,NA,NA,NA,NA,NA,NA,NA,NA,NA,"President Obama fakes
birth certificate",NA
Porter et al. (2018),Porter et al. (2018),treatment_2correction,0.9477800711787764,0.07804562152297381,12.143923678021888,5.231454436947008e-31,0.7945562498457197,1.101003892511833,721,fakenews_vermont_Y_std,Standardized,Pre-COVID,NA,NA,NA,NA,NA,NA,NA,NA,NA,NA,NA,"Russian government hacks
Vermont power plant",NA
Porter et al. (2018),Week 4,fakenews_scaramucci_Zcorrection,0.23258969036793994,0.10684808755577574,2.176825956257999,0.03013742532204828,0.02247072078424614,0.4427086599516338,363,fakenews_scaramucci_Y_std,Standardized,Replication,NA,NA,NA,NA,NA,NA,NA,NA,NA,NA,NA,"Anthony Scaramucci subject of
Senate Russia investigation",NA
Porter et al. (2018),Week 4,fakenews_pizza_Zcorrection,0.38441572944493896,0.1035316193330256,3.713027304329181,2.3545469004283162e-4,0.18084912662844368,0.5879823322614343,380,fakenews_pizza_Y_std,Standardized,Replication,NA,NA,NA,NA,NA,NA,NA,NA,NA,NA,NA,"DC pizza restaurant concealed sex
dungeon used by Democratic elites",NA
Porter et al. (2018),Week 4,fakenews_podesta_Zcorrection,0.15441939068070007,0.10691595260695295,1.4443063632270146,0.14951300656458386,-0.05583110476650391,0.3646698861279041,364,fakenews_podesta_Y_std,Standardized,Replication,NA,NA,NA,NA,NA,NA,NA,NA,NA,NA,NA,"John Podesta implicated in
disappearance of Madeleine McCann",NA
Porter et al. (2018),Week 4,fakenews_pedo_Zcorrection,0.04246997703418993,0.10861595639657798,0.3910104780472934,0.6960260494328523,-0.17114787339346504,0.2560878274618449,352,fakenews_pedo_Y_std,Standardized,Replication,NA,NA,NA,NA,NA,NA,NA,NA,NA,NA,NA,"President Trump orders
crackdown on sex trafficking",NA
Porter et al. (2018),Week 4,fakenews_obama_Zcorrection,0.14040360992347642,0.11073379519276914,1.2679382087379654,0.2057902496612392,-0.07749814637139657,0.3583053662183494,304,fakenews_obama_Y_std,Standardized,Replication,NA,NA,NA,NA,NA,NA,NA,NA,NA,NA,NA,"President Obama fakes
birth certificate",NA
Porter et al. (2018),Week 4,fakenews_vermont_Z2correction,0.6717271291947576,0.11681047152872732,5.750572875904871,1.982006134667322e-8,0.44196493431493894,0.9014893240745763,340,fakenews_vermont_Y_std,Standardized,Replication,NA,NA,NA,NA,NA,NA,NA,NA,NA,NA,NA,"Russian government hacks
Vermont power plant",NA
Trump & White (2018),Week 2,tw_Ztreatment,0.22894241561256118,0.03747548965465051,6.109124062749922,1.6809497970399667e-9,0.15536160548122668,0.3025232257438957,684,tw_manip_1,Unstandardized,Replication,NA,NA,NA,NA,NA,NA,Manipulation Checks (binary),NA,NA,NA,NA,NA,Inequality increased
Trump & White (2018),Week 2,tw_Ztreatment,0.1554509664109937,0.03658573002579256,4.248950787681492,2.4455324156765868e-5,0.08361714437552786,0.22728478844645955,684,tw_manip_2,Unstandardized,Replication,NA,NA,NA,NA,NA,NA,Manipulation Checks (binary),NA,NA,NA,NA,NA,Richs' share of income changed
Trump & White (2018),Week 2,tw_Ztreatment,0.45983739501787985,0.07527059367180237,6.109124062749921,1.6809497970399667e-9,0.31204823168801726,0.6076265583477425,684,tw_manip_1_s,Standardized,Replication,NA,NA,NA,NA,NA,NA,Manipulation Checks (standard units),NA,NA,NA,NA,NA,Inequality increased
Trump & White (2018),Week 2,tw_Ztreatment,0.34113007410771795,0.08028572020573138,4.248950787681489,2.44553241567663e-5,0.1834940194716105,0.4987661287438254,684,tw_manip_2_s,Standardized,Replication,NA,NA,NA,NA,NA,NA,Manipulation Checks (standard units),NA,NA,NA,NA,NA,Richs' share of income changed
Trump & White (2018),Week 2,tw_Ztreatment,-0.07323374026348305,0.07468008980240698,-0.980632728981034,0.3271226445127241,-0.2198650146072531,0.07339753408028703,680,tw_scale_1_s,Standardized,Replication,NA,NA,NA,NA,NA,NA,Outcome Scales (standard units),NA,NA,NA,NA,NA,System Justification
Trump & White (2018),Week 2,tw_Ztreatment,-0.07668513648557317,0.07462418989647139,-1.02761767453638,0.30449563408543817,-0.22320703842798828,0.06983676545684193,679,tw_scale_2_s,Standardized,Replication,NA,NA,NA,NA,NA,NA,Outcome Scales (standard units),NA,NA,NA,NA,NA,Institutional Trust
Trump & White (2018),Week 2,tw_Ztreatment,-0.05741505064718499,0.0751502596632332,-0.7640033568011069,0.44513181903442833,-0.2049710408769938,0.09014093958262381,676,tw_scale_3_s,Standardized,Replication,NA,NA,NA,NA,NA,NA,Outcome Scales (standard units),NA,NA,NA,NA,NA,Econ. System Justification
Trump & White (2018),Trump & White (2018),tw_Ztreatment,0.27096848532312356,0.029708883563933888,9.120789905820459,3.8943305864335626e-19,0.21267076293203474,0.3292662077142124,1017,tw_manip_1,Unstandardized,Pre-COVID,NA,NA,NA,NA,NA,NA,Manipulation Checks (binary),NA,NA,NA,NA,NA,Inequality increased
Trump & White (2018),Trump & White (2018),tw_Ztreatment,0.18129358104188423,0.030656300165461066,5.913746279341912,4.562394977513292e-9,0.1211367436858833,0.24145041839788517,1017,tw_manip_2,Unstandardized,Pre-COVID,NA,NA,NA,NA,NA,NA,Manipulation Checks (binary),NA,NA,NA,NA,NA,Richs' share of income changed
Trump & White (2018),Trump & White (2018),tw_Ztreatment,0.5539690409659894,0.06073695882551493,9.120789905820459,3.8943305864335626e-19,0.43478494719589,0.6731531347360888,1017,tw_manip_1_s,Standardized,Pre-COVID,NA,NA,NA,NA,NA,NA,Manipulation Checks (standard units),NA,NA,NA,NA,NA,Inequality increased
Trump & White (2018),Trump & White (2018),tw_Ztreatment,0.36493824655810936,0.06171016295253035,5.91374627934191,4.562394977513342e-9,0.24384443497904174,0.486032058137177,1017,tw_manip_2_s,Standardized,Pre-COVID,NA,NA,NA,NA,NA,NA,Manipulation Checks (standard units),NA,NA,NA,NA,NA,Richs' share of income changed
Trump & White (2018),Trump & White (2018),tw_Ztreatment,-0.1984861212061384,0.1062005419738348,-1.8689746541504515,0.062496175163133987,-0.40738783187187183,0.010415589459595032,336,tw_scale_1_s,Standardized,Pre-COVID,NA,NA,NA,NA,NA,NA,Outcome Scales (standard units),NA,NA,NA,NA,NA,System Justification
Trump & White (2018),Trump & White (2018),tw_Ztreatment,-0.14731499381617313,0.11202483037481858,-1.3150209049482946,0.18940231136107272,-0.36767574519889024,0.073045757566544,335,tw_scale_2_s,Standardized,Pre-COVID,NA,NA,NA,NA,NA,NA,Outcome Scales (standard units),NA,NA,NA,NA,NA,Institutional Trust
Trump & White (2018),Trump & White (2018),tw_Ztreatment,-0.19433009733216064,0.09235785314255601,-2.10409933448982,0.03611914182114639,-0.37600847198934123,-0.012651722674980048,333,tw_scale_3_s,Standardized,Pre-COVID,NA,NA,NA,NA,NA,NA,Outcome Scales (standard units),NA,NA,NA,NA,NA,Econ. System Justification
Peyton (2020),"MTurk sample, Jun 2014",Z_trust_n,0.6957080780619938,0.10589617614098848,6.5697185999968415,1.071105144810733e-10,0.48774810710518035,0.9036680490188072,618,Trust in Government,Standardized,Pre-COVID,NA,NA,NA,NA,NA,NA,NA,NA,NA,NA,NA,NA,NA
Peyton (2020),"MTurk sample, Mar 2017",Z_trust_n,0.725285971510824,0.056479749324099736,12.841522495946112,3.562305881177238e-36,0.6145130038659389,0.8360589391557091,1795,Trust in Government,Standardized,Pre-COVID,NA,NA,NA,NA,NA,NA,NA,NA,NA,NA,NA,NA,NA
Peyton (2020),"Qualtrics sample, Sep 2014",Z_trust_n,0.4219912451450925,0.07238432688301158,5.829870405883857,6.9627681323604435e-9,0.27999056391738486,0.5639919263728002,1322,Trust in Government,Standardized,Pre-COVID,NA,NA,NA,NA,NA,NA,NA,NA,NA,NA,NA,NA,NA
Peyton (2020),Week 9 Replication,Z_trust_n,0.15677669432876842,0.07610016288029584,2.0601361205412307,0.039638756886231336,0.0074459188117679265,0.3061074698457689,1020,Trust in Government,Standardized,Replication,NA,NA,NA,NA,NA,NA,NA,NA,NA,NA,NA,NA,NA
Peyton (2020),"MTurk sample, Jun 2014",Z_trust_n,-0.0682219173642308,0.09830755487273238,-0.6939641358443913,0.48796546470511026,-0.26127927789583205,0.12483544316737047,618,Support for Redistribution,Standardized,Pre-COVID,NA,NA,NA,NA,NA,NA,NA,NA,NA,NA,NA,NA,NA
Peyton (2020),"MTurk sample, Mar 2017",Z_trust_n,0.015251073507621471,0.05430942282994825,0.28081818426564936,0.7788823999267049,-0.09126566480683128,0.12176781182207423,1785,Support for Redistribution,Standardized,Pre-COVID,NA,NA,NA,NA,NA,NA,NA,NA,NA,NA,NA,NA,NA
Peyton (2020),"Qualtrics sample, Sep 2014",Z_trust_n,0.007744318996334481,0.06316957972044634,0.12259570240306422,0.9024458913860283,-0.11617923931303528,0.13166787730570426,1322,Support for Redistribution,Standardized,Pre-COVID,NA,NA,NA,NA,NA,NA,NA,NA,NA,NA,NA,NA,NA
Peyton (2020),Week 9 Replication,Z_trust_n,-0.04358679069385774,0.07877808153778211,-0.5532857597319559,0.5801894747200868,-0.19817314881156847,0.110999567423853,1016,Support for Redistribution,Standardized,Replication,NA,NA,NA,NA,NA,NA,NA,NA,NA,NA,NA,NA,NA
