appendix_table,x_pid3,AD_Z_party_sure_thing,row,column,estimate,std.error,p.value
Table 1,Democrats,Democrats' Program,Democrats' Program | Democrats,Difference,-0.10522797693919064,0.11530201216392258,0.3614376197988687
Table 1,Democrats,Democrats' Program,Democrats' Program | Democrats,Druckman (2001),0.21040723981900444,0.1101923078895619,0.056203437228558695
Table 1,Democrats,Democrats' Program,Democrats' Program | Democrats,YCLS summary,0.1051792628798138,0.03394420850485906,0.0019444239662165241
Table 1,Republicans,Democrats' Program,Democrats' Program | Republicans,Difference,0.023128761695881184,0.13901723144418712,0.8678631498379688
Table 1,Republicans,Democrats' Program,Democrats' Program | Republicans,Druckman (2001),0.0352941176470589,0.13383699565946297,0.7920035993833128
Table 1,Republicans,Democrats' Program,Democrats' Program | Republicans,YCLS summary,0.05842287934294008,0.03759586720978229,0.1201913851217491
Table 1,Democrats,Program A,Program A | Democrats,Difference,-0.31411188996880374,0.1212250880070138,0.009565692685988392
Table 1,Democrats,Program A,Program A | Democrats,Druckman (2001),0.4647058823529411,0.11266688807882984,3.7137909991713514e-5
Table 1,Democrats,Program A,Program A | Democrats,YCLS summary,0.15059399238413734,0.04474029831081452,7.627815243953506e-4
Table 1,Republicans,Program A,Program A | Republicans,Difference,-0.21659414291893256,0.152341450496697,0.1550937197741764
Table 1,Republicans,Program A,Program A | Republicans,Druckman (2001),0.4119047619047622,0.1450654300483297,0.004519262017940839
Table 1,Republicans,Program A,Program A | Republicans,YCLS summary,0.19531061898582966,0.04651815284736429,2.685829311488419e-5
Table 1,Democrats,Republicans' Program,Republicans' Program | Democrats,Difference,-0.09410509431131235,0.10370044390484798,0.3641580394552717
Table 1,Democrats,Republicans' Program,Republicans' Program | Democrats,Druckman (2001),0.14553014553014557,0.09684923653117464,0.13293028094204584
Table 1,Democrats,Republicans' Program,Republicans' Program | Democrats,YCLS summary,0.051425051218833215,0.03706760646968065,0.165340758517162
Table 1,Republicans,Republicans' Program,Republicans' Program | Republicans,Difference,0.0392834379225836,0.14405341340001662,0.7850834499927168
Table 1,Republicans,Republicans' Program,Republicans' Program | Republicans,Druckman (2001),0.055944055944056034,0.1397855278837121,0.6889992690873374
Table 1,Republicans,Republicans' Program,Republicans' Program | Republicans,YCLS summary,0.09522749386663963,0.03480505863330837,0.00621863919572796
Table 2,NA,NA,90/45 | Approve Nuclear Use,Aronow et al. (2019),0.27047925173821974,0.02934968387640177,0
Table 2,NA,NA,90/45 | Approve Nuclear Use,Press et al. (2013),0.27518282613823963,0.052309148523302824,1.43506692307227e-7
Table 2,NA,NA,90/45 | Approve Nuclear Use,YCLS summary,-0.045151504965502354,0.032401142482309485,0.16346386141494929
Table 2,NA,NA,90/45 | Approve Nuclear Use,abp_diff,-0.3156307567037221,0.043717707828792196,5.209166431541234e-13
Table 2,NA,NA,90/45 | Approve Nuclear Use,psv_diff,-0.320334331103742,0.06153113889236794,1.9290023245410737e-7
Table 2,NA,NA,90/45 | Prefer Nuclear Use,Aronow et al. (2019),0.5148886712283427,0.02528185493979001,0
Table 2,NA,NA,90/45 | Prefer Nuclear Use,Press et al. (2013),0.4755838641188962,0.04869390764367953,0
Table 2,NA,NA,90/45 | Prefer Nuclear Use,YCLS summary,0.12662554452847236,0.02598552814765864,1.0995765804544533e-6
Table 2,NA,NA,90/45 | Prefer Nuclear Use,abp_diff,-0.38826312669987034,0.03625492880022445,0
Table 2,NA,NA,90/45 | Prefer Nuclear Use,psv_diff,-0.34895831959042384,0.055193698143211525,2.57480925469622e-10
Table 2,NA,NA,90/70 | Approve Nuclear Use,Aronow et al. (2019),0.1733681390771917,0.029896537114018257,6.673654517896921e-9
Table 2,NA,NA,90/70 | Approve Nuclear Use,Press et al. (2013),0.05135663774512235,0.05979215163001939,0.39038499701541074
Table 2,NA,NA,90/70 | Approve Nuclear Use,YCLS summary,-0.03862400728939075,0.03216717280698214,0.22985694352487118
Table 2,NA,NA,90/70 | Approve Nuclear Use,abp_diff,-0.21199214636658245,0.04391503088697676,1.3837888035439505e-6
Table 2,NA,NA,90/70 | Approve Nuclear Use,psv_diff,-0.0899806450345131,0.06789571711780856,0.1850792323671726
Table 2,NA,NA,90/70 | Prefer Nuclear Use,Aronow et al. (2019),0.367626558058167,0.025971737721117567,0
Table 2,NA,NA,90/70 | Prefer Nuclear Use,Press et al. (2013),0.2971061738301821,0.054533056313022424,5.088644439155132e-8
Table 2,NA,NA,90/70 | Prefer Nuclear Use,YCLS summary,0.07874830168300552,0.024663776648911714,0.0014086498124803448
Table 2,NA,NA,90/70 | Prefer Nuclear Use,abp_diff,-0.2888782563751615,0.035816658677798575,6.661338147750939e-16
Table 2,NA,NA,90/70 | Prefer Nuclear Use,psv_diff,-0.2183578721471766,0.059851116191986575,2.639290262178573e-4
Table 3,NA,NA,Approve Strike,Aronow et al. (2019),-0.11707789533297347,0.029466895268311512,7.09131838456667e-5
Table 3,NA,NA,Approve Strike,Press et al. (2013),-0.06516976998904699,0.05062962187886055,0.1980292625609954
Table 3,NA,NA,Approve Strike,YCLS summary,-0.0619639131712523,0.029571378595188578,0.036135309979863584
Table 3,NA,NA,Approve Strike,abp_diff,0.05511398216172117,0.04174642917392596,0.18676548260790127
Table 3,NA,NA,Approve Strike,psv_diff,0.003205856817794686,0.058632968913541916,0.9563960381863572
Table 3,NA,NA,Ethical Strike,Aronow et al. (2019),-0.12578834916467194,0.029670887605189985,2.2406457046431072e-5
Table 3,NA,NA,Ethical Strike,Press et al. (2013),-0.056016272883742536,0.055203423065095424,0.31023711139918264
Table 3,NA,NA,Ethical Strike,YCLS summary,-0.03571023177236137,0.031527350865983496,0.25735089815316425
Table 3,NA,NA,Ethical Strike,abp_diff,0.09007811739231056,0.04329359564539133,0.037467439856918805
Table 3,NA,NA,Ethical Strike,psv_diff,0.020306041111381165,0.0635719416938852,0.7494093408410294
