appendix_table,x_pid3,AD_Z_party_sure_thing,row,column,ratio
Table 1,Democrats,Democrats' Program,Democrats' Program | Democrats,Ratio,0.4998842386330937
Table 1,Republicans,Democrats' Program,Democrats' Program | Republicans,Ratio,1.6553149147166322
Table 1,Democrats,Program A,Program A | Democrats,Ratio,0.3240630215861184
Table 1,Republicans,Program A,Program A | Republicans,Ratio,0.47416450852051095
Table 1,Democrats,Republicans' Program,Republicans' Program | Democrats,Ratio,0.35336356623226817
Table 1,Republicans,Republicans' Program,Republicans' Program | Republicans,Ratio,1.7021914528661806
Table 2,NA,NA,90/45 | Approve Nuclear Use,abp_ratio,-0.16693149169608662
Table 2,NA,NA,90/45 | Approve Nuclear Use,psv_ratio,-0.1640782079286454
Table 2,NA,NA,90/45 | Prefer Nuclear Use,abp_ratio,0.24592800658516817
Table 2,NA,NA,90/45 | Prefer Nuclear Use,psv_ratio,0.2662528190754931
Table 2,NA,NA,90/70 | Approve Nuclear Use,abp_ratio,-0.22278607531337413
Table 2,NA,NA,90/70 | Approve Nuclear Use,psv_ratio,-0.7520742981866858
Table 2,NA,NA,90/70 | Prefer Nuclear Use,abp_ratio,0.21420732522416328
Table 2,NA,NA,90/70 | Prefer Nuclear Use,psv_ratio,0.26505104443913685
Table 3,NA,NA,Approve Strike,abp_ratio,0.5292537331237878
Table 3,NA,NA,Approve Strike,psv_ratio,0.9508076088294697
Table 3,NA,NA,Ethical Strike,abp_ratio,0.28389140973312577
Table 3,NA,NA,Ethical Strike,psv_ratio,0.6374974616121856
