study_group,study_group_detail,estimate_pre,std.error_pre,conf.low_pre,conf.high_pre,estimate_ycls,std.error_ycls,conf.low_ycls,conf.high_ycls,estimate_diff,se_diff,p_diff,p_adjust,sign_diff,sig_diff,sig_diff_adj
Druckman (2001),Republicans' Program,0.3310052041369007,0.16403303590154358,0.009500453769875294,0.6525099545039261,0.12696956692256123,0.061450000507690554,0.0065275659274877385,0.24741156791763472,-0.20403563721433948,0.17516546300419,0.24409324224614237,0.3502732131675872,FALSE,Not Significant,Not Significant
Druckman (2001),Democrats' Program,0.45300414010345297,0.15958817768686775,0.14021131183719215,0.7657969683697138,0.20380626786830525,0.06211453981854197,0.08206176982396299,0.32555076591264753,-0.24919787223514772,0.17125011682998792,0.14562246300048498,0.23984876258903406,FALSE,Not Significant,Not Significant
Druckman (2001),Program A,1.0502175372857248,0.1748891817607768,0.7074347410346022,1.3930003335368473,0.3329866064349647,0.05949683607199912,0.21637280773384643,0.44960040513608296,-0.7172309308507601,0.1847325076956743,1.0337197117049612e-4,3.2160168808598795e-4,FALSE,Significant,Significant
Gilens (2001),Foreign aid misperceptions,0.21244362575314327,0.06352206011912917,0.0879403879196501,0.33694686358663645,-0.052455039552392314,0.0617654823528845,-0.17351538496404595,0.0686053058592613,-0.2648986653055356,0.08860037771963926,0.002791472106527859,0.006513434915231672,TRUE,Significant,Significant
Hyman & Sheatsley (1950),Russian reporters,0.3049541094444726,0.020285925444507583,0.26519369557323774,0.34471452331570746,0.253874829790243,0.029680438161317456,0.19570117099406079,0.3120484885864252,-0.05107927965422959,0.035950621421442903,0.15536976031735472,0.24168629382699625,FALSE,Not Significant,Not Significant
Knobe (2003),Perceived Intentionality,1.9696325063331155,0.03610180989545517,1.8988729589380233,2.0403920537282074,0.840418369940852,0.06188346484349758,0.7191267788475967,0.9617099610341072,-1.1292141363922634,0.0716442872723568,0,0,FALSE,Significant,Significant
Peyton (2020),Redistribution,7.550697845774697e-5,0.03798374889581806,-0.07437264085734566,0.07452365481426115,-0.04358679069385774,0.07877808153778211,-0.19799183050791067,0.1108182491201952,-0.04366229767231549,0.08745713985120944,0.61760874642326,0.6404831444389363,TRUE,Not Significant,Not Significant
Peyton (2020),Trust in Government,0.6233107909980565,0.04104722895957747,0.5428582222372846,0.7037633597588284,0.15677669432876842,0.07610016288029584,0.007620375083388586,0.30593301357414826,-0.46653409666928813,0.08646450020480967,6.82674976548725e-8,2.7306999061949e-7,FALSE,Significant,Significant
Porter et al. (2018),D.C. Pizzagate,0.47529329398408476,0.07401051360346461,0.3302326873212941,0.6203539006468755,0.3844157294449389,0.1035316193330256,0.18149375555220873,0.5873377033376691,-0.09087756453914586,0.127264890388383,0.475176489849612,0.5321976686315655,FALSE,Not Significant,Not Significant
Porter et al. (2018),Podesta,0.6120357562203306,0.06903553199659403,0.4767261135070063,0.7473453989336549,0.15441939068070007,0.10691595260695295,-0.05513587642892773,0.3639746577903279,-0.4576163655396305,0.12726714265632338,3.235019005904949e-4,8.234593833212597e-4,FALSE,Significant,Significant
Porter et al. (2018),Russian hackers,0.9477800711787764,0.07804562152297381,0.7948106529937478,1.100749489363805,0.6717271291947576,0.11681047152872732,0.4427786049984521,0.9006756533910631,-0.27605294198401875,0.14048418166352714,0.049412981145328105,0.09882596229065621,FALSE,Significant,Not Significant
Porter et al. (2018),Scaramucci,0.5584456754957927,0.08233779076748862,0.397063605591515,0.7198277454000704,0.23258969036793997,0.10684808755577574,0.023167438758619513,0.44201194197726046,-0.32585598512785274,0.1348926447320144,0.015706330336476615,0.033829019186257324,FALSE,Significant,Significant
Porter et al. (2018),Sex trafficking,0.5312126809108217,0.07136802161169083,0.3913313585519077,0.6710940032697358,0.04246997703418993,0.10861595639657798,-0.17041729750310292,0.25535725157148276,-0.4887427038766318,0.12996468940720052,1.6951936813169866e-4,4.746542307687562e-4,FALSE,Significant,Significant
Porter et al. (2018),Obama Birtherism,0.24433206689918557,0.06939492777763691,0.10831800845501724,0.3803461253433539,0.14040360992347642,0.11073379519276914,-0.07663462865435111,0.35744184850130395,-0.10392845697570915,0.13068140418229973,0.4264499779305515,0.4975249742523101,FALSE,Not Significant,Not Significant
Press et al. (2013),Approve Nukes (90/45),0.5434818161642727,0.0512174673163298,0.4430955802242663,0.6438680521042791,-0.09034804599185961,0.06483460326332698,-0.21742386838798047,0.03672777640426125,-0.6338298621561324,0.08262417768796443,1.709743457922741e-14,1.1968204205459188e-13,TRUE,Significant,Significant
Press et al. (2013),Approve Nukes (90/70),0.2980790570846294,0.053507058204050016,0.19320522300469137,0.40295289116456745,-0.07728653983157363,0.0643664305412145,-0.20344474369235405,0.048871664029206785,-0.375365596916203,0.08370210665370728,7.3070777886208305e-6,2.5574772260172907e-5,TRUE,Significant,Significant
Press et al. (2013),Prefer Nukes (90/45),1.4495512271219275,0.06420932760540343,1.3237009450153367,1.5754015092285183,0.3623585608077092,0.0743616038649811,0.21660981723234624,0.5081073043830722,-1.0871926663142184,0.09824706550788373,0,0,FALSE,Significant,Significant
Press et al. (2013),Prefer Nukes (90/70),1.0147095172710234,0.06710079922515626,0.8831919507897171,1.1462270837523296,0.22535043280693565,0.07057920772512737,0.087015185665686,0.3636856799481853,-0.7893590844640878,0.09738553188108287,4.440892098500626e-16,4.144832625267251e-15,FALSE,Significant,Significant
Press et al. (2013),Ethical Strike (Nuclear),0.22490967332071002,0.053363868005264894,0.12031649203039083,0.32950285461102924,0.07291501548415669,0.0643741908823689,-0.053258398645286364,0.19908842961359974,-0.15199465783655333,0.08361661832580292,0.06910134629821241,0.12092735602187171,FALSE,Not Significant,Not Significant
Press et al. (2013),Approve Strike (Nuclear),0.22573777430116954,0.05530861989485908,0.11733287930724574,0.33414266929509334,0.13456883777754944,0.06422102551910215,0.008695627760109237,0.26044204779498964,-0.0911689365236201,0.08475484383443327,0.28207120739139313,0.37609494318852416,FALSE,Not Significant,Not Significant
Smith (1987),Welfare v. Aid to Poor,0.702066457212683,0.03557513442920212,0.6323391937314469,0.7717937206939192,0.4344711671138937,0.018128128378873527,0.39894003549130164,0.4700022987364858,-0.2675952900987893,0.03992767496582692,2.05586658807988e-11,1.1512852893247327e-10,FALSE,Significant,Significant
Trump & White (2018),Economic System Justification,0.19433009733216064,0.09235785314255601,0.013308705172750845,0.37535148949157043,0.05741505064718498,0.0751502596632332,-0.08987945829275208,0.20470955958712206,-0.13691504668497567,0.1190694526927596,0.2501951522625623,0.3502732131675872,FALSE,Not Significant,Not Significant
Trump & White (2018),Institutional Trust,0.14731499381617313,0.11202483037481858,-0.0722536737184713,0.36688366135081757,0.07668513648557317,0.07462418989647139,-0.06957827571151075,0.22294854868265707,-0.07062985733059997,0.1346043548263261,0.5997765075242605,0.6404831444389363,FALSE,Not Significant,Not Significant
Trump & White (2018),System Justification,0.19848612120613843,0.1062005419738348,-0.009666941062577789,0.4066391834748546,0.07323374026348305,0.07468008980240698,-0.07313923574923463,0.2196067162762007,-0.1252523809426554,0.1298293916200481,0.3346720694422558,0.40742686714709403,FALSE,Not Significant,Not Significant
Trump & White (2018),Inequality increased,0.5539690409659894,0.06073695882551493,0.4349246016679802,0.6730134802639987,0.45983739501787985,0.07527059367180237,0.3123070314211472,0.6073677586146125,-0.09413164594810958,0.09671939019182178,0.3304316375936647,0.40742686714709403,FALSE,Not Significant,Not Significant
Trump & White (2018),Rich's share of income changed,0.36493824655810936,0.06171016295253036,0.24398632717114987,0.48589016594506884,0.34113007410771795,0.08028572020573138,0.18377006250448444,0.49849008571095144,-0.023808172450391407,0.1012617453956865,0.8141193449836843,0.8141193449836843,FALSE,Not Significant,Not Significant
Tversky & Kaheneman (1981) - Cheap/Expensive,Cheap v. Expensive Framing,0.3530271100505385,0.030379793996488515,0.293482713817421,0.41257150628365596,0.22289680948873827,0.06175971090846985,0.10184777610813738,0.34394584286933916,-0.13013030056180022,0.06882727493346551,0.05866717397698151,0.10951205809036549,FALSE,Not Significant,Not Significant
Tversky & Kaheneman (1981) - Gain/Loss,Gain v. Loss Framing,0.5942578948129084,0.028520511233736317,0.5383576927947852,0.6501580968310315,0.2994795837630349,0.03805653299281,0.22488877909712732,0.37407038842894247,-0.29477831104987345,0.04755753635825257,5.705771410902116e-10,2.6626933250876545e-9,FALSE,Significant,Significant
