name,time,est,std.error,size_group,pre_covid
Respondents from mobile phones,2018-06-01,0.43,0.012376893794486563,"1,000-2,000",Yes
Respondents from mobile phones,2018-07-01,0.18,0.006740130776245104,"3,000+",Yes
Respondents from mobile phones,2018-08-01,0.37,0.021505813167606566,"< 1,000",Yes
Respondents from mobile phones,2019-01-01,0.49734042553191493,0.014887072747370592,"1,000-2,000",Yes
Respondents from mobile phones,2019-02-01,0.5869120654396728,0.015744843440642968,"< 1,000",Yes
Respondents from mobile phones,2019-03-01,0.6,0.019069251784911846,"< 1,000",Yes
Respondents from mobile phones,2019-04-01,0.25,0.00707484206770501,"3,000+",Yes
Respondents from mobile phones,2019-04-01,0.5785154792987691,0.009536739056685827,"2,000-3,000",Yes
Respondents from mobile phones,2019-05-01,0.6738836265223275,0.012193869342622758,"1,000-2,000",Yes
Respondents from mobile phones,2019-05-01,0.6064209274673008,0.00972622840081781,"2,000-3,000",Yes
Respondents from mobile phones,2019-06-01,0.68272921108742,0.009610984196985186,"2,000-3,000",Yes
Respondents from mobile phones,2019-07-01,0.5592812676853424,0.0059053769071124,"3,000+",Yes
Respondents from mobile phones,2019-07-01,0.5506100942872989,0.005857413475019198,"3,000+",Yes
Respondents from mobile phones,2019-08-01,0.6430992170153091,0.0051790723114246715,"3,000+",Yes
Respondents from mobile phones,2019-08-01,0.42417061611374407,0.024058080617215354,"< 1,000",Yes
Respondents from mobile phones,2019-08-01,0.6893571042679633,0.010755971217695798,"1,000-2,000",Yes
Respondents from mobile phones,2019-09-01,0.6803418803418804,0.019280954962463303,"< 1,000",Yes
Respondents from mobile phones,2019-10-01,0.5625,0.04384754750125713,"< 1,000",Yes
Respondents from mobile phones,2019-11-01,0.6393939393939394,0.0068249294910368115,"3,000+",Yes
Respondents from mobile phones,2019-12-01,0.571460226013738,0.007366410313582725,"3,000+",Yes
Respondents from mobile phones,2020-01-01,0.53,0.022298107292376974,"< 1,000",Yes
Respondents from mobile phones,2020-02-01,0.291220556745182,0.014865965904158607,"< 1,000",Yes
Respondents from mobile phones,2020-02-01,0.43591191417278374,0.011783208229994884,"1,000-2,000",Yes
Respondents from mobile phones,2020-03-30,0.61,0.013935712455151085,"1,000-2,000",No
Respondents from mobile phones,2020-04-06,0.58,0.014325615236196139,"1,000-2,000",No
Respondents from mobile phones,2020-04-13,0.55,0.015020496479613274,"1,000-2,000",No
Respondents from mobile phones,2020-04-20,0.31,0.012294961477715817,"1,000-2,000",No
Respondents from mobile phones,2020-04-27,0.51,0.014288690166235206,"1,000-2,000",No
Respondents from mobile phones,2020-05-01,0.62,0.010140867270625156,"2,000-3,000",No
Respondents from mobile phones,2020-05-04,0.53,0.014021631726538268,"1,000-2,000",No
Respondents from mobile phones,2020-05-12,0.65,0.01357791609601911,"1,000-2,000",No
Respondents from mobile phones,2020-05-18,0.73,0.012056283934151722,"1,000-2,000",No
Respondents from mobile phones,2020-05-25,0.67,0.012460612101039992,"1,000-2,000",No
Respondents from mobile phones,2020-06-01,0.56,0.012527676367117553,"1,000-2,000",No
Respondents from mobile phones,2020-06-01,0.57,0.01334150076646271,"1,000-2,000",No
Respondents from mobile phones,2020-06-08,0.6,0.0137631332127781,"1,000-2,000",No
Respondents from mobile phones,2020-06-15,0.7,0.012966669102205272,"1,000-2,000",No
Respondents from mobile phones,2020-07-13,0.62,0.013446691313883399,"1,000-2,000",No
Respondents from web applications,2018-06-01,0.18,0.009604686356149273,"1,000-2,000",Yes
Respondents from web applications,2018-07-01,0.07,0.004476263446376518,"3,000+",Yes
Respondents from web applications,2018-08-01,0.14,0.015456030825826174,"< 1,000",Yes
Respondents from web applications,2019-01-01,0.2358156028368794,0.012639526412077095,"1,000-2,000",Yes
Respondents from web applications,2019-02-01,0.41104294478527603,0.015733160970323897,"< 1,000",Yes
Respondents from web applications,2019-03-01,0.2272727272727273,0.01631228551284712,"< 1,000",Yes
Respondents from web applications,2019-04-01,0.11,0.005112195566787388,"3,000+",Yes
Respondents from web applications,2019-04-01,0.3752331219694144,0.00935106713700148,"2,000-3,000",Yes
Respondents from web applications,2019-05-01,0.4262516914749662,0.012863422957984616,"1,000-2,000",Yes
Respondents from web applications,2019-05-01,0.41894569956401106,0.009822648495010543,"2,000-3,000",Yes
Respondents from web applications,2019-06-01,0.4818763326226013,0.01031841735688528,"2,000-3,000",Yes
Respondents from web applications,2019-07-01,0.2771646859083192,0.005324028334017729,"3,000+",Yes
Respondents from web applications,2019-07-01,0.3625901275651692,0.005660952637981843,"3,000+",Yes
Respondents from web applications,2019-08-01,0.354563515250672,0.005171458118384666,"3,000+",Yes
Respondents from web applications,2019-08-01,0.10426540284360186,0.014876595745659383,"< 1,000",Yes
Respondents from web applications,2019-08-01,0.4905456509994598,0.011619545542733247,"1,000-2,000",Yes
Respondents from web applications,2019-09-01,0.3589743589743589,0.019833140209070815,"< 1,000",Yes
Respondents from web applications,2019-10-01,0.3828125,0.04296320099113073,"< 1,000",Yes
Respondents from web applications,2019-11-01,0.4129292929292929,0.006998104966724518,"3,000+",Yes
Respondents from web applications,2019-12-01,0.31952138267228003,0.006941039855524159,"3,000+",Yes
Respondents from web applications,2020-01-01,0.4,0.02188702620658331,"< 1,000",Yes
Respondents from web applications,2020-02-01,0.11456102783725908,0.010421358336115889,"< 1,000",Yes
Respondents from web applications,2020-02-01,0.21964991530208922,0.009837867757585446,"1,000-2,000",Yes
Respondents from web applications,2020-03-30,0.44,0.014182484166846695,"1,000-2,000",No
Respondents from web applications,2020-04-06,0.4,0.01421936693232832,"1,000-2,000",No
Respondents from web applications,2020-04-13,0.38,0.014654949602703995,"1,000-2,000",No
Respondents from web applications,2020-04-20,0.18,0.010213273425479426,"1,000-2,000",No
Respondents from web applications,2020-04-27,0.36,0.013719886811400706,"1,000-2,000",No
Respondents from web applications,2020-05-01,0.49,0.010444089467320585,"2,000-3,000",No
Respondents from web applications,2020-05-04,0.39,0.013702787208051495,"1,000-2,000",No
Respondents from web applications,2020-05-12,0.51,0.014230676568300333,"1,000-2,000",No
Respondents from web applications,2020-05-18,0.61,0.0132454700889061,"1,000-2,000",No
Respondents from web applications,2020-05-25,0.51,0.013247323240327001,"1,000-2,000",No
Respondents from web applications,2020-06-01,0.42,0.012456293014729133,"1,000-2,000",No
Respondents from web applications,2020-06-01,0.4,0.013201967239688991,"1,000-2,000",No
Respondents from web applications,2020-06-08,0.44,0.01394543431096884,"1,000-2,000",No
Respondents from web applications,2020-06-15,0.57,0.014008461357039658,"1,000-2,000",No
Respondents from web applications,2020-07-13,0.48,0.013840445917960215,"1,000-2,000",No
