dataset,study,estimate,std.error,statistic,p.value,conf.low,conf.high,df
"MTurk sample, Jun 2014",Original study:,0.6957080780619938,0.10589617614098848,6.5697185999968415,1.071105144810733e-10,0.48774810710518035,0.9036680490188072,618
"Qualtrics sample, Sep 2014",Original study:,0.4219912451450925,0.07238432688301158,5.829870405883857,6.9627681323604435e-9,0.27999056391738486,0.5639919263728002,1322
"MTurk sample, Mar 2017",Original study:,0.725285971510824,0.056479749324099736,12.841522495946112,3.562305881177238e-36,0.6145130038659389,0.8360589391557091,1795
Full Sample,Lucid replication:,0.15677669432876842,0.07610016288029584,2.0601361205412307,0.039638756886231336,0.0074459188117679265,0.3061074698457689,1020
Attentive: Passed ACQ,Lucid replication:,0.38532889749188187,0.15194970803027064,2.535897584055368,0.011865165291732196,0.08597124874274542,0.6846865462410183,235
Inattentive: Failed ACQ,Lucid replication:,0.08366429495651741,0.08757480957210573,0.9553465815718554,0.33969730845387747,-0.08824490860017249,0.2555734985132073,783
Attentive: Internet browser,Lucid replication:,0.32926531360152195,0.09763060085005532,3.3725626057266593,7.997654628415157e-4,0.13746985012812163,0.5210607770749223,524
Inattentive: Web-Application,Lucid replication:,-0.030590849329908628,0.11725456578995785,-0.2608926068150478,0.7942840481419284,-0.260970010126249,0.19978831146643172,494
Attentive: Non-mobile device,Lucid replication:,0.5200367752279471,0.12133668563369934,4.285898963796281,2.327050150305963e-5,0.2814365227560701,0.7586370276998241,368
Inattentive: Mobile device,Lucid replication:,-0.04238507557113411,0.09607755433961213,-0.44115481355106717,0.6592476225651067,-0.23104491379623154,0.14627476265396333,650
