study_group_detail,study,estimate,std.error,study_group,conf.low,conf.high,statistic,p.value
Russian reporters,Pre-COVID summary,0.3049541094444726,0.020285925444507583,Hyman & Sheatsley (1950),0.26519369557323774,0.34471452331570746,15.032792577231865,0
Russian reporters,YCLS summary,0.253874829790243,0.029680438161317456,Hyman & Sheatsley (1950),0.19570117099406079,0.3120484885864252,8.553607881743414,0
Cheap v. Expensive Framing,Pre-COVID summary,0.3530271100505385,0.030379793996488515,Tversky & Kaheneman (1981) - Cheap/Expensive,0.293482713817421,0.41257150628365596,11.620457666412864,0
Cheap v. Expensive Framing,YCLS summary,0.22289680948873827,0.06175971090846985,Tversky & Kaheneman (1981) - Cheap/Expensive,0.10184777610813738,0.34394584286933916,3.6090973582936536,3.0726428574467946e-4
Gain v. Loss Framing,Pre-COVID summary,0.5942578948129084,0.028520511233736317,Tversky & Kaheneman (1981) - Gain/Loss,0.5383576927947852,0.6501580968310315,20.836158578741504,0
Gain v. Loss Framing,YCLS summary,0.2994795837630349,0.03805653299281,Tversky & Kaheneman (1981) - Gain/Loss,0.22488877909712732,0.37407038842894247,7.869334387859647,3.552713678800501e-15
Welfare v. Aid to Poor,Pre-COVID summary,0.702066457212683,0.03557513442920212,Smith (1987),0.6323391937314469,0.7717937206939192,19.73475205300662,0
Welfare v. Aid to Poor,YCLS summary,0.4344711671138937,0.018128128378873527,Smith (1987),0.39894003549130164,0.4700022987364858,23.96668635799299,0
Republicans' Program,Pre-COVID summary,0.3310052041369007,0.16403303590154358,Druckman (2001),0.009500453769875294,0.6525099545039261,2.017917929261382,0.043599809442676385
Republicans' Program,YCLS summary,0.12696956692256123,0.061450000507690554,Druckman (2001),0.0065275659274877385,0.24741156791763472,2.066225644809731,0.038807178466224945
Democrats' Program,Pre-COVID summary,0.45300414010345297,0.15958817768686775,Druckman (2001),0.14021131183719215,0.7657969683697138,2.8385820721150443,0.004531446439313358
Democrats' Program,YCLS summary,0.20380626786830525,0.06211453981854197,Druckman (2001),0.08206176982396299,0.32555076591264753,3.2811362438439335,0.0010338978931327958
Program A,Pre-COVID summary,1.0502175372857248,0.1748891817607768,Druckman (2001),0.7074347410346022,1.3930003335368473,6.005045747896922,1.91277971239856e-9
Program A,YCLS summary,0.3329866064349647,0.05949683607199912,Druckman (2001),0.21637280773384643,0.44960040513608296,5.596711160102807,2.1845620867821935e-8
Foreign aid misperceptions,Pre-COVID summary,0.21244362575314327,0.06352206011912917,Gilens (2001),0.0879403879196501,0.33694686358663645,3.3444070509477624,8.245865535405628e-4
Foreign aid misperceptions,YCLS summary,-0.052455039552392314,0.0617654823528845,Gilens (2001),-0.17351538496404595,0.0686053058592613,-0.8492613925153394,0.39573585857438176
Perceived Intentionality,Pre-COVID summary,1.9696325063331155,0.03610180989545517,Knobe (2003),1.8988729589380233,2.0403920537282074,54.557721954573566,0
Perceived Intentionality,YCLS summary,0.840418369940852,0.06188346484349758,Knobe (2003),0.7191267788475967,0.9617099610341072,13.580661200310265,0
Approve Nukes (90/45),Pre-COVID summary,0.5434818161642727,0.0512174673163298,Press et al. (2013),0.4430955802242663,0.6438680521042791,10.611259100486466,0
Approve Nukes (90/45),YCLS summary,-0.09034804599185961,0.06483460326332698,Press et al. (2013),-0.21742386838798047,0.03672777640426125,-1.3935158301950163,0.16346386141494795
Approve Nukes (90/70),Pre-COVID summary,0.2980790570846294,0.053507058204050016,Press et al. (2013),0.19320522300469137,0.40295289116456745,5.5708362053451,2.53519585324824e-8
Approve Nukes (90/70),YCLS summary,-0.07728653983157363,0.0643664305412145,Press et al. (2013),-0.20344474369235405,0.048871664029206785,-1.200727447237986,0.22985694352487007
Prefer Nukes (90/45),Pre-COVID summary,1.4495512271219275,0.06420932760540343,Press et al. (2013),1.3237009450153367,1.5754015092285183,22.57539957481104,0
Prefer Nukes (90/45),YCLS summary,0.3623585608077092,0.0743616038649811,Press et al. (2013),0.21660981723234624,0.5081073043830722,4.872925568760542,1.0995765804544533e-6
Prefer Nukes (90/70),Pre-COVID summary,1.0147095172710234,0.06710079922515626,Press et al. (2013),0.8831919507897171,1.1462270837523296,15.122167380841066,0
Prefer Nukes (90/70),YCLS summary,0.22535043280693565,0.07057920772512737,Press et al. (2013),0.087015185665686,0.3636856799481853,3.1928728030579347,0.0014086498124803448
Ethical Strike (Nuclear),Pre-COVID summary,0.22490967332071002,0.053363868005264894,Press et al. (2013),0.12031649203039083,0.32950285461102924,4.2146433856428915,2.5017317235365155e-5
Ethical Strike (Nuclear),YCLS summary,0.07291501548415669,0.0643741908823689,Press et al. (2013),-0.053258398645286364,0.19908842961359974,1.1326746710866542,0.2573508981531638
Approve Strike (Nuclear),Pre-COVID summary,0.22573777430116954,0.05530861989485908,Press et al. (2013),0.11733287930724574,0.33414266929509334,4.0814212093936515,4.4761151928973675e-5
Approve Strike (Nuclear),YCLS summary,0.13456883777754944,0.06422102551910215,Press et al. (2013),0.008695627760109237,0.26044204779498964,2.0954015712116396,0.03613530997986336
D.C. Pizzagate,Pre-COVID summary,0.47529329398408476,0.07401051360346461,Porter et al. (2018),0.3302326873212941,0.6203539006468755,6.421969945116489,1.345219491355465e-10
D.C. Pizzagate,YCLS summary,0.3844157294449389,0.1035316193330256,Porter et al. (2018),0.18149375555220873,0.5873377033376691,3.7130273043291804,2.047947827734653e-4
Podesta,Pre-COVID summary,0.6120357562203306,0.06903553199659403,Porter et al. (2018),0.4767261135070063,0.7473453989336549,8.865518067573179,0
Podesta,YCLS summary,0.15441939068070007,0.10691595260695295,Porter et al. (2018),-0.05513587642892773,0.3639746577903279,1.4443063632270146,0.14865281664779895
Russian hackers,Pre-COVID summary,0.9477800711787764,0.07804562152297381,Porter et al. (2018),0.7948106529937478,1.100749489363805,12.143923678021888,0
Russian hackers,YCLS summary,0.6717271291947576,0.11681047152872732,Porter et al. (2018),0.4427786049984521,0.9006756533910631,5.750572875904871,8.89415541216465e-9
Scaramucci,Pre-COVID summary,0.5584456754957927,0.08233779076748862,Porter et al. (2018),0.397063605591515,0.7198277454000704,6.7823738078274625,1.1821654766208667e-11
Scaramucci,YCLS summary,0.23258969036793997,0.10684808755577574,Porter et al. (2018),0.023167438758619513,0.44201194197726046,2.1768259562579995,0.029493555627410295
Sex trafficking,Pre-COVID summary,0.5312126809108217,0.07136802161169083,Porter et al. (2018),0.3913313585519077,0.6710940032697358,7.443287188218814,9.814371537686384e-14
Sex trafficking,YCLS summary,0.04246997703418993,0.10861595639657798,Porter et al. (2018),-0.17041729750310292,0.25535725157148276,0.3910104780472934,0.6957894908506403
Obama Birtherism,Pre-COVID summary,0.24433206689918557,0.06939492777763691,Porter et al. (2018),0.10831800845501724,0.3803461253433539,3.5208923004012926,4.30097265748719e-4
Obama Birtherism,YCLS summary,0.14040360992347642,0.11073379519276914,Porter et al. (2018),-0.07663462865435111,0.35744184850130395,1.2679382087379654,0.2048200178842159
Economic System Justification,Pre-COVID summary,0.19433009733216064,0.09235785314255601,Trump & White (2018),0.013308705172750845,0.37535148949157043,2.10409933448982,0.03536978290162418
Economic System Justification,YCLS summary,0.05741505064718498,0.0751502596632332,Trump & White (2018),-0.08987945829275208,0.20470955958712206,0.7640033568011069,0.44486524219755985
Institutional Trust,Pre-COVID summary,0.14731499381617313,0.11202483037481858,Trump & White (2018),-0.0722536737184713,0.36688366135081757,1.3150209049482946,0.1885028768222785
Institutional Trust,YCLS summary,0.07668513648557317,0.07462418989647139,Trump & White (2018),-0.06957827571151075,0.22294854868265707,1.02761767453638,0.3041297068680078
System Justification,Pre-COVID summary,0.19848612120613843,0.1062005419738348,Trump & White (2018),-0.009666941062577789,0.4066391834748546,1.8689746541504517,0.0616263407423856
System Justification,YCLS summary,0.07323374026348305,0.07468008980240698,Trump & White (2018),-0.07313923574923463,0.2196067162762007,0.980632728981034,0.3267738884542508
Inequality increased,Pre-COVID summary,0.5539690409659894,0.06073695882551493,Trump & White (2018),0.4349246016679802,0.6730134802639987,9.120789905820459,0
Inequality increased,YCLS summary,0.45983739501787985,0.07527059367180237,Trump & White (2018),0.3123070314211472,0.6073677586146125,6.109124062749921,1.0017944251927702e-9
Rich's share of income changed,Pre-COVID summary,0.36493824655810936,0.06171016295253036,Trump & White (2018),0.24398632717114987,0.48589016594506884,5.913746279341909,3.344128973736815e-9
Rich's share of income changed,YCLS summary,0.34113007410771795,0.08028572020573138,Trump & White (2018),0.18377006250448444,0.49849008571095144,4.248950787681489,2.147740908253759e-5
Redistribution,Pre-COVID summary,7.550697845774697e-5,0.03798374889581806,Peyton (2020),-0.07437264085734566,0.07452365481426115,0.0019878758851541414,0.9984139055670584
Redistribution,YCLS summary,-0.04358679069385774,0.07877808153778211,Peyton (2020),-0.19799183050791067,0.1108182491201952,-0.5532857597319559,0.5800677505548966
Trust in Government,Pre-COVID summary,0.6233107909980565,0.04104722895957747,Peyton (2020),0.5428582222372846,0.7037633597588284,15.185209983647889,0
Trust in Government,YCLS summary,0.15677669432876842,0.07610016288029584,Peyton (2020),0.007620375083388586,0.30593301357414826,2.0601361205412307,0.03938552963509423
Male,Pre-COVID summary,0.022019839510634492,0.010344324379536494,Hainmueller & Hopkins (2015),0.001744963726742963,0.042294715294526025,2.1286880324629913,0.03328007962723967
Male,YCLS summary,0.019338685293541772,0.009775258515453961,Hainmueller & Hopkins (2015),1.7917860325200943e-4,0.03849819198383153,1.9783298071318258,0.047891512619948395
4th grade,Pre-COVID summary,0.04891287751524687,0.01871917079111794,Hainmueller & Hopkins (2015),0.012223302764655712,0.08560245226583804,2.61298313162758,0.00897557321082032
4th grade,YCLS summary,0.03471279929066446,0.01873572822992757,Hainmueller & Hopkins (2015),-0.0020092280399935797,0.0714348266213225,1.8527595439400038,0.06391683123708014
8th grade,Pre-COVID summary,0.057944743036888575,0.01875720355973632,Hainmueller & Hopkins (2015),0.021180624059805392,0.09470886201397176,3.0891994562169764,0.0020069665081525745
8th grade,YCLS summary,0.03724137382082074,0.01925517097218356,Hainmueller & Hopkins (2015),-4.987612846590397e-4,0.07498150892630051,1.9340972809132901,0.05310116818768984
High school,Pre-COVID summary,0.11594816756108875,0.018395152809597144,Hainmueller & Hopkins (2015),0.07989366805427835,0.15200266706789917,6.303191322259423,2.9157853909111964e-10
High school,YCLS summary,0.05961721505108752,0.019016742004522635,Hainmueller & Hopkins (2015),0.02234440072222315,0.09689002937995189,3.1349857424005183,0.0017186246420279883
Two-year college,Pre-COVID summary,0.149471545352156,0.019059692527885908,Hainmueller & Hopkins (2015),0.11211454799749963,0.18682854270681237,7.842285237994619,4.440892098500626e-15
Two-year college,YCLS summary,0.10573350193775717,0.018057254132095996,Hainmueller & Hopkins (2015),0.07034128383884902,0.14112572003666532,5.855458485784967,4.756958382756693e-9
College degree,Pre-COVID summary,0.18665036639545898,0.02005736560542642,Hainmueller & Hopkins (2015),0.1473379298088232,0.22596280298209476,9.305826600925181,0
College degree,YCLS summary,0.12444334051902829,0.0183397471549687,Hainmueller & Hopkins (2015),0.08849743609528964,0.16038924494276696,6.785444721102027,1.1572964808692632e-11
Graduate degree,Pre-COVID summary,0.17173760172839025,0.018846793461657366,Hainmueller & Hopkins (2015),0.13479788654354183,0.20867731691323868,9.11229817834953,0
Graduate degree,YCLS summary,0.13558516334924334,0.01853710608696927,Hainmueller & Hopkins (2015),0.09925243541878356,0.1719178912797031,7.3142572909238215,2.589040093425865e-13
Broken English,Pre-COVID summary,0.06531039280244932,0.014187571559594062,Hainmueller & Hopkins (2015),0.03750275254564496,0.09311803305925369,4.603352485526988,4.157437009988385e-6
Broken English,YCLS summary,0.043141210528716493,0.013444633273231595,Hainmueller & Hopkins (2015),0.01678972931318257,0.06949269174425042,3.2088053018605645,0.0013328771659926186
Tried English but unable,Pre-COVID summary,0.1322935516427004,0.01414240017264766,Hainmueller & Hopkins (2015),0.104574447304311,0.16001265598108982,9.354391760075133,0
Tried English but unable,YCLS summary,0.08669932948971494,0.013805485011060587,Hainmueller & Hopkins (2015),0.05964057886803619,0.11375808011139368,6.280064005013496,3.3843372548858497e-10
Used interpreter,Pre-COVID summary,0.16317423179870302,0.014147821463653273,Hainmueller & Hopkins (2015),0.1354445017299426,0.19090396186746345,11.533523533493044,0
Used interpreter,YCLS summary,0.08779673627216772,0.013404855005914965,Hainmueller & Hopkins (2015),0.06152322046057439,0.11407025208376105,6.549622225188331,5.768274746742463e-11
France,Pre-COVID summary,0.012324974691748113,0.021900818233181935,Hainmueller & Hopkins (2015),-0.03060062904528848,0.055250578428784704,0.562763206402697,0.5735961377628545
France,YCLS summary,0.024072345304990892,0.023833375287804832,Hainmueller & Hopkins (2015),-0.02264107025910658,0.07078576086908836,1.0100266963575377,0.3124824999314364
Mexico,Pre-COVID summary,0.018963113771450893,0.021844957865788096,Hainmueller & Hopkins (2015),-0.023853003645493774,0.06177923118839556,0.86807737913514,0.3853519736723252
Mexico,YCLS summary,0.01875503851273499,0.023920267618071846,Hainmueller & Hopkins (2015),-0.028128686018685827,0.0656387630441558,0.7840647442658834,0.43300212116397874
Philippines,Pre-COVID summary,0.0045441909548814595,0.023878844794351567,Hainmueller & Hopkins (2015),-0.04225834484204761,0.05134672675181053,0.190301959496649,0.8490725182538812
Philippines,YCLS summary,0.025153638458532676,0.02392012545851327,Hainmueller & Hopkins (2015),-0.021729807440153334,0.07203708435721869,1.0515679987614945,0.292997796350015
Poland,Pre-COVID summary,0.020428847473970748,0.021301577883521335,Hainmueller & Hopkins (2015),-0.021322245177731066,0.06217994012567256,0.9590297763704293,0.3375437449056877
Poland,YCLS summary,0.015847577435619663,0.023494465073976786,Hainmueller & Hopkins (2015),-0.030201574109374834,0.06189672898061416,0.6745238670350892,0.4999783171851404
India,Pre-COVID summary,0.04062039128531986,0.021150373316053014,Hainmueller & Hopkins (2015),-8.343404141440483e-4,0.08207512298478375,1.9205519769473387,0.05478821441169557
India,YCLS summary,0.06446278651787178,0.023486519322791385,Hainmueller & Hopkins (2015),0.018429208645200666,0.11049636439054289,2.744671768171153,0.00605714466368279
China,Pre-COVID summary,0.0519135573081055,0.02292797039159903,Hainmueller & Hopkins (2015),0.0069747353405714,0.0968523792756396,2.2642020388829094,0.023561691249711636
China,YCLS summary,0.11642585795518125,0.022690300991588377,Hainmueller & Hopkins (2015),0.07195286801166803,0.16089884789869446,5.131084774871078,2.8807711993650287e-7
Sudan,Pre-COVID summary,0.05832591776741477,0.023603568767983113,Hainmueller & Hopkins (2015),0.012062922982167865,0.10458891255266167,2.471063521823468,0.013471188765193709
Sudan,YCLS summary,0.07279124004444072,0.023174301940271314,Hainmueller & Hopkins (2015),0.02736960824150895,0.1182128718473725,3.1410326935434982,0.0016835323789481382
Somalia,Pre-COVID summary,0.07852950679104792,0.022996911461471953,Hainmueller & Hopkins (2015),0.0334555603265629,0.12360345325553294,3.414784934168787,6.383239071245939e-4
Somalia,YCLS summary,0.07282147200436362,0.02294209983247263,Hainmueller & Hopkins (2015),0.027854956332717264,0.11778798767600998,3.1741415361331002,0.001502803899950722
Iraq,Pre-COVID summary,0.14277054949759163,0.023669496174829364,Hainmueller & Hopkins (2015),0.09637833699492608,0.18916276200025717,6.031837283018167,1.6210597308941033e-9
Iraq,YCLS summary,0.10646458333212597,0.022990192123307888,Hainmueller & Hopkins (2015),0.06140380677044251,0.15152535989380944,4.630869666556208,3.6413304023152904e-6
Waiter,Pre-COVID summary,0.006598375155037603,0.020110828070896796,Hainmueller & Hopkins (2015),-0.032818847863920114,0.04601559817399532,0.3281006198141777,0.7428355853680779
Waiter,YCLS summary,0.002721003916734601,0.02008998315680432,Hainmueller & Hopkins (2015),-0.03665536307060187,0.04209737090407106,0.1354408261817292,0.892263346874921
Child care provider,Pre-COVID summary,0.019172695041218,0.020094285840215574,Hainmueller & Hopkins (2015),-0.020212105205604524,0.05855749528804052,0.9541366731654054,0.34001446472775676
Child care provider,YCLS summary,0.013100240500063552,0.02068756702929613,Hainmueller & Hopkins (2015),-0.027447390877356856,0.05364787187748396,0.6332422020197932,0.5265754905019182
Gardener,Pre-COVID summary,0.015907356236252744,0.02079879202238328,Hainmueller & Hopkins (2015),-0.024858276127618484,0.05667298860012397,0.7648211597641603,0.44437804594889063
Gardener,YCLS summary,0.0013232606959180286,0.0198553743020882,Hainmueller & Hopkins (2015),-0.03759327293617484,0.040239794328010905,0.06664496351392683,0.9468643495836289
Financial analyst,Pre-COVID summary,0.04815036214420279,0.032835828837282845,Hainmueller & Hopkins (2015),-0.01620786237687158,0.11250858666527716,1.4663970379066946,0.14254015284092447
Financial analyst,YCLS summary,0.03472763983779109,0.026013451562320912,Hainmueller & Hopkins (2015),-0.016258725224357895,0.08571400489994008,1.3349877756357489,0.18188034741452808
Construction worker,Pre-COVID summary,0.05254056779081745,0.020843523019699713,Hainmueller & Hopkins (2015),0.01168726267220601,0.09339387290942888,2.5207143600993027,0.011711687947501881
Construction worker,YCLS summary,0.01806387842996609,0.01990851743605153,Hainmueller & Hopkins (2015),-0.020956815744694907,0.057084572604627085,0.9073442303270128,0.3642247913466752
Teacher,Pre-COVID summary,0.06408473264799629,0.020813682094629464,Hainmueller & Hopkins (2015),0.023289915742522538,0.10487954955347004,3.07897143603111,0.0020771659624940764
Teacher,YCLS summary,0.04637186924302925,0.020058859407792205,Hainmueller & Hopkins (2015),0.007056504803756532,0.08568723368230197,2.3117899328321387,0.020789262471757608
Computer programmer,Pre-COVID summary,0.06305380898415178,0.0323375533977071,Hainmueller & Hopkins (2015),-3.2779567535413945e-4,0.12643541364365768,1.9498633124366984,0.05119241292493815
Computer programmer,YCLS summary,0.08511188942581786,0.0252300174488064,Hainmueller & Hopkins (2015),0.035661055226157326,0.1345627236254784,3.3734375966451977,7.423587126513809e-4
Nurse,Pre-COVID summary,0.08390629816993002,0.02044193073041361,Hainmueller & Hopkins (2015),0.043840113938319346,0.12397248240154068,4.104617087127382,4.049851164200646e-5
Nurse,YCLS summary,0.06434489887643123,0.020063079367336034,Hainmueller & Hopkins (2015),0.025021263316452602,0.10366853443640986,3.2071297580165488,0.0013406650950027466
Research scientist,Pre-COVID summary,0.11249082556087964,0.030316637330178885,Hainmueller & Hopkins (2015),0.053070216393729025,0.17191143472803025,3.710531096695871,2.068248876609946e-4
Research scientist,YCLS summary,0.06680614661179474,0.02621259371290859,Hainmueller & Hopkins (2015),0.015429462934493904,0.11818283028909557,2.5486278597030076,0.010814763498167457
Doctor,Pre-COVID summary,0.15372686972927505,0.03024709042532567,Hainmueller & Hopkins (2015),0.09444257249563673,0.21301116696291336,5.08236883507184,3.727567041700297e-7
Doctor,YCLS summary,0.03171518744967724,0.026981229819061165,Hainmueller & Hopkins (2015),-0.021168022995682642,0.08459839789503712,1.1754537381121049,0.23981323502038654
1-2 years,Pre-COVID summary,0.06338857136177628,0.013804820277928799,Hainmueller & Hopkins (2015),0.03633112361703583,0.09044601910651673,4.591770851455573,4.395007807911355e-6
1-2 years,YCLS summary,0.03701268699234923,0.013732433707866335,Hainmueller & Hopkins (2015),0.010097116924931211,0.06392825705976724,2.6952751260067824,0.007033053255518507
3-5 years,Pre-COVID summary,0.09944196441669945,0.013984383700575462,Hainmueller & Hopkins (2015),0.07203257236357154,0.12685135646982734,7.1109293441803505,1.1526335441658375e-12
3-5 years,YCLS summary,0.042346828675649345,0.013355652148896903,Hainmueller & Hopkins (2015),0.016169750463811416,0.06852390688748727,3.170704672713937,0.001520696611777561
5+ years,Pre-COVID summary,0.12347265359593929,0.013615415859900958,Hainmueller & Hopkins (2015),0.09678643851053341,0.15015886868134515,9.068592165413113,0
5+ years,YCLS summary,0.054764278038294194,0.013474403585519084,Hainmueller & Hopkins (2015),0.02835444701067679,0.0811741090659116,4.064319262126693,4.817285034586227e-5
Interviews with employer,Pre-COVID summary,0.09773417992234355,0.0147230551778086,Hainmueller & Hopkins (2015),0.0688769917738387,0.12659136807084842,6.6381724949081145,3.1759705976242e-11
Interviews with employer,YCLS summary,0.04336839410539992,0.014005664809264963,Hainmueller & Hopkins (2015),0.015917291079240593,0.07081949713155924,3.0964895059255637,0.0019582679332694752
Will look for work,Pre-COVID summary,0.11768998249386382,0.01507361432832849,Hainmueller & Hopkins (2015),0.08814569841033998,0.14723426657738767,7.807681683395866,5.773159728050814e-15
Will look for work,YCLS summary,0.04497387538077411,0.013721598475891163,Hainmueller & Hopkins (2015),0.018079542368027432,0.07186820839352079,3.277597392154651,0.0010469460638062866
No plans to look for work,Pre-COVID summary,0.2690010249427855,0.01435176145358531,Hainmueller & Hopkins (2015),0.2408715724937583,0.2971304773918127,18.743415281305737,0
No plans to look for work,YCLS summary,0.14694971553736172,0.014363829958311149,Hainmueller & Hopkins (2015),0.11879660881907186,0.17510282225565157,10.230538509844596,0
Seek better job,Pre-COVID summary,0.03210676443475169,0.01122338945175299,Hainmueller & Hopkins (2015),0.01010892110931583,0.05410460776018755,2.8607012678987904,0.004227051478994381
Seek better job,YCLS summary,0.02881803951828323,0.010390431242322674,Hainmueller & Hopkins (2015),0.008452794283330789,0.04918328475323567,2.7735171761592112,0.005545391290030288
Escape persecution,Pre-COVID summary,0.038062709450186076,0.020249747832973786,Hainmueller & Hopkins (2015),-0.001626796302442543,0.0777522152028147,1.879663379719053,0.06015396945387175
Escape persecution,YCLS summary,0.03136329811715725,0.015580526023164985,Hainmueller & Hopkins (2015),8.254671117538769e-4,0.061901129122560614,2.0129806959358483,0.04411666021396288
Once as tourist,Pre-COVID summary,0.07445420346394774,0.015660207869096325,Hainmueller & Hopkins (2015),0.04376019604051894,0.10514821088737654,4.7543560140651016,1.9907996144929996e-6
Once as tourist,YCLS summary,0.04005771110820447,0.015048182949698778,Hainmueller & Hopkins (2015),0.010563272526794863,0.06955214968961407,2.6619633242169156,0.007768634259913254
Many times as tourist,Pre-COVID summary,0.05534596513102699,0.016310244225402212,Hainmueller & Hopkins (2015),0.023377886449238654,0.08731404381281532,3.393325346093164,6.904957485083241e-4
Many times as tourist,YCLS summary,0.052632010503266255,0.014800681467399124,Hainmueller & Hopkins (2015),0.023622674827163972,0.08164134617936854,3.5560531870911958,3.7646789452283613e-4
Six months with family,Pre-COVID summary,0.08381948780282898,0.015675510631245348,Hainmueller & Hopkins (2015),0.0530954869655881,0.11454348864006986,5.347161555028074,8.934426376505655e-8
Six months with family,YCLS summary,0.04808856962860977,0.014736042785656277,Hainmueller & Hopkins (2015),0.01920592576872347,0.07697121348849607,3.2633299406145913,0.0011011124585065257
Once w/o authorization,Pre-COVID summary,0.10902725694331229,0.016182036795711174,Hainmueller & Hopkins (2015),0.0773104648237184,0.1407440490629062,6.737548450774037,1.6108225864286396e-11
Once w/o authorization,YCLS summary,0.0627771603514567,0.015750000258294074,Hainmueller & Hopkins (2015),0.03190715984520031,0.09364716085771307,3.9858513855196764,6.723858920199e-5
