level,column,estimate,std.error,p.value
Easy,Browser,0.6590563165905643,0.01850762401212402,NA
Easy,Web-App,0.5448916408668747,0.01960796945162705,NA
Easy,Browser minus Web-App,0.1141646757236896,0.026963023061038413,2.2944838699689996e-5
Easy,Nonmobile,0.6310483870967739,0.021687697030890726,NA
Easy,Mobile,0.584882280049562,0.017356108132175304,NA
Easy,Nonmobile minus Mobile,0.04616610704721191,0.02777752134369566,0.09651373759059734
Medium,Browser,0.5296803652968042,0.01948729557676258,NA
Medium,Web-App,0.3699690402476791,0.019010072789208212,NA
Medium,Browser minus Web-App,0.15971132504912505,0.02722384168972309,4.4482839633985805e-9
Medium,Nonmobile,0.49999999999999983,0.022473328748774783,NA
Medium,Mobile,0.42007434944237654,0.017385281215916513,NA
Medium,Nonmobile minus Mobile,0.0799256505576233,0.028412998926670985,0.004908227122811359
Hard,Browser,0.22289156626506085,0.016163330934476052,NA
Hard,Web-App,0.1539473684210523,0.013099778039600675,NA
Hard,Browser minus Web-App,0.06894419784400854,0.02080522654488998,9.203987548853654e-4
Hard,Nonmobile,0.24034334763948573,0.019815190376199113,NA
Hard,Mobile,0.15970772442588768,0.011841921494677067,NA
Hard,Nonmobile minus Mobile,0.08063562321359805,0.023084039385062326,4.773884107092119e-4
