benchmark,k,fe_est,fe_se,reml_est,reml_se,tau2,i2,q_stat,q_p
"Russian reporters, pre-COVID",3,0.30495410944447265,0.020285925444507587,0.27972421456650837,0.055596565303722215,0.007449086724858459,83.28237732514903,15.333464662766868,4.681450700300385e-4
"Question framing, pre-COVID",2,0.17416669752882544,0.014945370914785414,0.26856266931804845,0.11462015228278603,0.02399129642580273,90.65283620247573,10.698432397909437,0.0010722635108468858
"Question framing, COVID era",2,0.11109001849182054,0.03078055465490211,0.1114478120250549,0.040992203158002276,0.0014655051694288262,43.60130449428111,1.773090655791141,0.18300004810906653
"Asian disease, pre-COVID",5,0.28854261032505407,0.01374730637233272,0.3245148869709756,0.043379266103809586,0.008101173779296348,88.78998056533328,24.96549888319353,5.111981369322367e-5
"Asian disease, COVID era",5,0.14682146326805415,0.018576125385109974,0.14682146326805415,0.018576125385109974,0,0,2.2247321539536182,0.6945039743130433
"Welfare spending, COVID-era web interviews",12,0.43748128093734806,0.017101993178175266,0.43700881969587585,0.018839889297801265,7.271368682509313e-4,17.11626395899004,12.720586505552133,0.31197935637810714
"Welfare spending, GSS in-person",9,0.9942737052802559,0.012407301921973816,0.9928457524589327,0.01824320782900771,0.001586044427223049,53.27778895832134,17.209543412867667,0.02799959579432083
"Welfare spending, GSS paper and pencil",11,1.0475506854221708,0.013174933420679739,1.0384698951215636,0.03725227359133969,0.013250772950234985,87.33102777206558,85.19399989636311,4.7795259176322325e-14
"Welfare spending, COVID-era experimental",10,0.4344711671138937,0.018128128378873523,0.43325843710666256,0.02134326564311827,0.0012613285464524852,27.716777395275876,12.387155304278156,0.19235262992374297
"Welfare spending, Huber benchmark",2,0.4618345713790372,0.051563255970046296,0.4618345713790372,0.051563255970046296,0,0,0.08279309027201441,0.7735473880445737
"Welfare spending, Huber and GSS 1986",3,0.7020664572126831,0.03557513442920212,0.6214871435172449,0.15430185312055564,0.06691258832613498,94.12183579589126,41.50701184223248,9.702125729044226e-10
"Welfare spending, COVID-era observational",2,0.3621593769369631,0.029823847018363082,0.3621593769369631,0.029823847018363082,0,0,0.7338379216503285,0.3916419903678723
"Issue framing, pre-COVID",9,0.25355149610798766,0.04255601488444466,0.2577038033946554,0.05543753326893979,0.01060258506139423,39.03838019343233,12.922240418545025,0.11455322596013985
"Issue framing, COVID era",27,0.09427796935765238,0.014801866365904408,0.09434483881518493,0.015228048793400015,2.6069841600316005e-4,4.168546436975584,36.04124643403799,0.09091322268487015
"Intentional side effects, pre-COVID",2,0.6404899506276805,0.011725358893552461,0.6404899506276805,0.011725358893552461,0,0,0.3062233948179056,0.580006960800531
