label,value
appendix_table_1_democrats_program_democrats_difference_estimate,-0.10522797693919064
appendix_table_1_democrats_program_democrats_difference_se,0.11530201216392258
appendix_table_1_democrats_program_democrats_druckman_2001__estimate,0.21040723981900444
appendix_table_1_democrats_program_democrats_druckman_2001__se,0.1101923078895619
appendix_table_1_democrats_program_democrats_ratio,0.4998842386330937
appendix_table_1_democrats_program_democrats_ycls_summary_estimate,0.1051792628798138
appendix_table_1_democrats_program_democrats_ycls_summary_se,0.03394420850485906
appendix_table_1_democrats_program_republicans_difference_estimate,0.023128761695881184
appendix_table_1_democrats_program_republicans_difference_se,0.13901723144418712
appendix_table_1_democrats_program_republicans_druckman_2001__estimate,0.0352941176470589
appendix_table_1_democrats_program_republicans_druckman_2001__se,0.13383699565946297
appendix_table_1_democrats_program_republicans_ratio,1.6553149147166322
appendix_table_1_democrats_program_republicans_ycls_summary_estimate,0.05842287934294008
appendix_table_1_democrats_program_republicans_ycls_summary_se,0.03759586720978229
appendix_table_1_program_a_democrats_difference_estimate,-0.31411188996880374
appendix_table_1_program_a_democrats_difference_se,0.1212250880070138
appendix_table_1_program_a_democrats_druckman_2001__estimate,0.4647058823529411
appendix_table_1_program_a_democrats_druckman_2001__se,0.11266688807882984
appendix_table_1_program_a_democrats_ratio,0.3240630215861184
appendix_table_1_program_a_democrats_ycls_summary_estimate,0.15059399238413734
appendix_table_1_program_a_democrats_ycls_summary_se,0.04474029831081452
appendix_table_1_program_a_republicans_difference_estimate,-0.21659414291893256
appendix_table_1_program_a_republicans_difference_se,0.152341450496697
appendix_table_1_program_a_republicans_druckman_2001__estimate,0.4119047619047622
appendix_table_1_program_a_republicans_druckman_2001__se,0.1450654300483297
appendix_table_1_program_a_republicans_ratio,0.47416450852051095
appendix_table_1_program_a_republicans_ycls_summary_estimate,0.19531061898582966
appendix_table_1_program_a_republicans_ycls_summary_se,0.04651815284736429
appendix_table_1_republicans_program_democrats_difference_estimate,-0.09410509431131235
appendix_table_1_republicans_program_democrats_difference_se,0.10370044390484798
appendix_table_1_republicans_program_democrats_druckman_2001__estimate,0.14553014553014557
appendix_table_1_republicans_program_democrats_druckman_2001__se,0.09684923653117464
appendix_table_1_republicans_program_democrats_ratio,0.35336356623226817
appendix_table_1_republicans_program_democrats_ycls_summary_estimate,0.051425051218833215
appendix_table_1_republicans_program_democrats_ycls_summary_se,0.03706760646968065
appendix_table_1_republicans_program_republicans_difference_estimate,0.0392834379225836
appendix_table_1_republicans_program_republicans_difference_se,0.14405341340001662
appendix_table_1_republicans_program_republicans_druckman_2001__estimate,0.055944055944056034
appendix_table_1_republicans_program_republicans_druckman_2001__se,0.1397855278837121
appendix_table_1_republicans_program_republicans_ratio,1.7021914528661806
appendix_table_1_republicans_program_republicans_ycls_summary_estimate,0.09522749386663963
appendix_table_1_republicans_program_republicans_ycls_summary_se,0.03480505863330837
appendix_table_2_90_45_approve_nuclear_use_abp_diff_estimate,-0.3246628559071724
appendix_table_2_90_45_approve_nuclear_use_abp_diff_se,0.04124849843408203
appendix_table_2_90_45_approve_nuclear_use_abp_ratio,-0.20032443827297208
appendix_table_2_90_45_approve_nuclear_use_aronow_et_al_2019__estimate,0.27047925173821974
appendix_table_2_90_45_approve_nuclear_use_aronow_et_al_2019__se,0.02934968387640177
appendix_table_2_90_45_approve_nuclear_use_press_et_al_2013__estimate,0.27518282613823963
appendix_table_2_90_45_approve_nuclear_use_press_et_al_2013__se,0.052309148523302824
appendix_table_2_90_45_approve_nuclear_use_psv_diff_estimate,-0.3293664303071923
appendix_table_2_90_45_approve_nuclear_use_psv_diff_se,0.059802020857615705
appendix_table_2_90_45_approve_nuclear_use_psv_ratio,-0.19690038411675168
appendix_table_2_90_45_approve_nuclear_use_ycls_summary_estimate,-0.054183604168952675
appendix_table_2_90_45_approve_nuclear_use_ycls_summary_se,0.028983351763068224
appendix_table_2_90_45_prefer_nuclear_use_abp_diff_estimate,-0.36260948548084226
appendix_table_2_90_45_prefer_nuclear_use_abp_diff_se,0.03522692218368992
appendix_table_2_90_45_prefer_nuclear_use_abp_ratio,0.29575167265618024
appendix_table_2_90_45_prefer_nuclear_use_aronow_et_al_2019__estimate,0.5148886712283427
appendix_table_2_90_45_prefer_nuclear_use_aronow_et_al_2019__se,0.02528185493979001
appendix_table_2_90_45_prefer_nuclear_use_press_et_al_2013__estimate,0.4755838641188962
appendix_table_2_90_45_prefer_nuclear_use_press_et_al_2013__se,0.04869390764367953
appendix_table_2_90_45_prefer_nuclear_use_psv_diff_estimate,-0.32330467837139576
appendix_table_2_90_45_prefer_nuclear_use_psv_diff_se,0.05452394427176332
appendix_table_2_90_45_prefer_nuclear_use_psv_ratio,0.3201941807458601
appendix_table_2_90_45_prefer_nuclear_use_ycls_summary_estimate,0.1522791857475004
appendix_table_2_90_45_prefer_nuclear_use_ycls_summary_se,0.02453087559259066
appendix_table_2_90_70_approve_nuclear_use_abp_diff_estimate,-0.2197184860697464
appendix_table_2_90_70_approve_nuclear_use_abp_diff_se,0.041493970393270886
appendix_table_2_90_70_approve_nuclear_use_abp_ratio,-0.2673521630864211
appendix_table_2_90_70_approve_nuclear_use_aronow_et_al_2019__estimate,0.1733681390771917
appendix_table_2_90_70_approve_nuclear_use_aronow_et_al_2019__se,0.029896537114018257
appendix_table_2_90_70_approve_nuclear_use_press_et_al_2013__estimate,0.05135663774512235
appendix_table_2_90_70_approve_nuclear_use_press_et_al_2013__se,0.05979215163001939
appendix_table_2_90_70_approve_nuclear_use_psv_diff_estimate,-0.09770698473767704
appendix_table_2_90_70_approve_nuclear_use_psv_diff_se,0.06635546732662652
appendix_table_2_90_70_approve_nuclear_use_psv_ratio,-0.9025191100435087
appendix_table_2_90_70_approve_nuclear_use_ycls_summary_estimate,-0.04635034699255469
appendix_table_2_90_70_approve_nuclear_use_ycls_summary_se,0.02877406206269406
appendix_table_2_90_70_prefer_nuclear_use_abp_diff_estimate,-0.27292428211581005
appendix_table_2_90_70_prefer_nuclear_use_abp_diff_se,0.034880289533528286
appendix_table_2_90_70_prefer_nuclear_use_abp_ratio,0.25760455512948244
appendix_table_2_90_70_prefer_nuclear_use_aronow_et_al_2019__estimate,0.367626558058167
appendix_table_2_90_70_prefer_nuclear_use_aronow_et_al_2019__se,0.025971737721117567
appendix_table_2_90_70_prefer_nuclear_use_press_et_al_2013__estimate,0.2971061738301821
appendix_table_2_90_70_prefer_nuclear_use_press_et_al_2013__se,0.054533056313022424
appendix_table_2_90_70_prefer_nuclear_use_psv_diff_estimate,-0.20240389788782515
appendix_table_2_90_70_prefer_nuclear_use_psv_diff_se,0.059295511369137514
appendix_table_2_90_70_prefer_nuclear_use_psv_ratio,0.31874893315574865
appendix_table_2_90_70_prefer_nuclear_use_ycls_summary_estimate,0.09470227594235696
appendix_table_2_90_70_prefer_nuclear_use_ycls_summary_se,0.02328311486223958
appendix_table_3_approve_strike_abp_diff_estimate,0.05511398216172117
appendix_table_3_approve_strike_abp_diff_se,0.04174642917392596
appendix_table_3_approve_strike_abp_ratio,0.5292537331237878
appendix_table_3_approve_strike_aronow_et_al_2019__estimate,-0.11707789533297347
appendix_table_3_approve_strike_aronow_et_al_2019__se,0.029466895268311512
appendix_table_3_approve_strike_press_et_al_2013__estimate,-0.06516976998904699
appendix_table_3_approve_strike_press_et_al_2013__se,0.05062962187886055
appendix_table_3_approve_strike_psv_diff_estimate,0.003205856817794686
appendix_table_3_approve_strike_psv_diff_se,0.058632968913541916
appendix_table_3_approve_strike_psv_ratio,0.9508076088294697
appendix_table_3_approve_strike_ycls_summary_estimate,-0.0619639131712523
appendix_table_3_approve_strike_ycls_summary_se,0.029571378595188578
appendix_table_3_ethical_strike_abp_diff_estimate,0.09007811739231056
appendix_table_3_ethical_strike_abp_diff_se,0.04329359564539133
appendix_table_3_ethical_strike_abp_ratio,0.28389140973312577
appendix_table_3_ethical_strike_aronow_et_al_2019__estimate,-0.12578834916467194
appendix_table_3_ethical_strike_aronow_et_al_2019__se,0.029670887605189985
appendix_table_3_ethical_strike_press_et_al_2013__estimate,-0.056016272883742536
appendix_table_3_ethical_strike_press_et_al_2013__se,0.055203423065095424
appendix_table_3_ethical_strike_psv_diff_estimate,0.020306041111381165
appendix_table_3_ethical_strike_psv_diff_se,0.0635719416938852
appendix_table_3_ethical_strike_psv_ratio,0.6374974616121856
appendix_table_3_ethical_strike_ycls_summary_estimate,-0.03571023177236137
appendix_table_3_ethical_strike_ycls_summary_se,0.031527350865983496
benchmark_disease_covid_estimate,0.14682146326805415
benchmark_disease_covid_se,0.018576125385109974
benchmark_disease_pre_estimate,0.28854261032505407
benchmark_disease_pre_se,0.01374730637233272
benchmark_druckman_covid_estimate,0.09427796935765238
benchmark_druckman_covid_se,0.014801866365904408
benchmark_druckman_pre_estimate,0.25355149610798766
benchmark_druckman_pre_se,0.04255601488444466
benchmark_framing_covid_estimate,0.11109001849182054
benchmark_framing_covid_se,0.03078055465490211
benchmark_framing_pre_estimate,0.17416669752882544
benchmark_framing_pre_se,0.014945370914785414
benchmark_knobe_pre_estimate,0.6404899506276805
benchmark_knobe_pre_se,0.011725358893552461
benchmark_russians_pre_estimate,0.30495410944447265
benchmark_russians_pre_se,0.020285925444507587
benchmark_welfare_1986_estimate,0.7020664572126831
benchmark_welfare_1986_se,0.03557513442920212
benchmark_welfare_capi_estimate,0.9942737052802559
benchmark_welfare_capi_se,0.012407301921973816
benchmark_welfare_cawi_estimate,0.43748128093734806
benchmark_welfare_cawi_se,0.017101993178175266
benchmark_welfare_experimental_estimate,0.4344711671138937
benchmark_welfare_experimental_se,0.018128128378873523
benchmark_welfare_huber_estimate,0.4618345713790372
benchmark_welfare_huber_se,0.051563255970046296
benchmark_welfare_observational_estimate,0.3621593769369631
benchmark_welfare_observational_se,0.029823847018363082
benchmark_welfare_papi_estimate,1.0475506854221708
benchmark_welfare_papi_se,0.013174933420679739
conjoint_correctly_signed,41
conjoint_larger,6
conjoint_sig_among_larger,1
conjoint_sig_among_smaller,11
conjoint_sig_fdr,7
conjoint_sig_unadjusted,12
conjoint_smaller,35
correspondence_conjoint,0.8740519151891428
correspondence_inflated,1.0425208699521706
correspondence_nonconjoint,0.4832737941695378
correspondence_overall,0.7297646089665194
figure_5_attentive_internet_browser_estimate,0.32926531360152195
figure_5_attentive_internet_browser_se,0.09763060085005532
figure_5_attentive_non_mobile_device_estimate,0.5200367752279471
figure_5_attentive_non_mobile_device_se,0.12133668563369934
figure_5_attentive_passed_acq_estimate,0.38532889749188187
figure_5_attentive_passed_acq_se,0.15194970803027064
figure_5_full_sample_estimate,0.15677669432876842
figure_5_full_sample_se,0.07610016288029584
figure_5_inattentive_failed_acq_estimate,0.08366429495651741
figure_5_inattentive_failed_acq_se,0.08757480957210573
figure_5_inattentive_mobile_device_estimate,-0.04238507557113411
figure_5_inattentive_mobile_device_se,0.09607755433961213
figure_5_inattentive_web_application_estimate,-0.030590849329908628
figure_5_inattentive_web_application_se,0.11725456578995785
figure_5_mturk_sample_jun_2014_estimate,0.6957080780619938
figure_5_mturk_sample_jun_2014_se,0.10589617614098848
figure_5_mturk_sample_mar_2017_estimate,0.725285971510824
figure_5_mturk_sample_mar_2017_se,0.056479749324099736
figure_5_qualtrics_sample_sep_2014_estimate,0.4219912451450925
figure_5_qualtrics_sample_sep_2014_se,0.07238432688301158
nonconjoint_correctly_signed,24
nonconjoint_incorrectly_signed,4
nonconjoint_sig_among_incorrectly_signed,3
nonconjoint_sig_fdr,13
nonconjoint_sig_smaller_correctly_signed,11
nonconjoint_sig_unadjusted,14
pairs_conjoint,41
pairs_correctly_signed,65
pairs_nonconjoint,28
pairs_total,69
summary_1_2_years_pre_estimate,0.06338857136177628
summary_1_2_years_pre_se,0.013804820277928799
summary_1_2_years_ycls_estimate,0.03701268699234923
summary_1_2_years_ycls_se,0.013732433707866335
summary_3_5_years_pre_estimate,0.09944196441669945
summary_3_5_years_pre_se,0.013984383700575462
summary_3_5_years_ycls_estimate,0.042346828675649345
summary_3_5_years_ycls_se,0.013355652148896903
summary_4th_grade_pre_estimate,0.04891287751524687
summary_4th_grade_pre_se,0.01871917079111794
summary_4th_grade_ycls_estimate,0.03471279929066446
summary_4th_grade_ycls_se,0.01873572822992757
summary_5_years_pre_estimate,0.12347265359593929
summary_5_years_pre_se,0.013615415859900958
summary_5_years_ycls_estimate,0.054764278038294194
summary_5_years_ycls_se,0.013474403585519084
summary_8th_grade_pre_estimate,0.057944743036888575
summary_8th_grade_pre_se,0.01875720355973632
summary_8th_grade_ycls_estimate,0.03724137382082074
summary_8th_grade_ycls_se,0.01925517097218356
summary_approve_nukes_90_45_pre_estimate,0.5434818161642727
summary_approve_nukes_90_45_pre_se,0.0512174673163298
summary_approve_nukes_90_45_ycls_estimate,-0.09034804599185961
summary_approve_nukes_90_45_ycls_se,0.06483460326332698
summary_approve_nukes_90_70_pre_estimate,0.2980790570846294
summary_approve_nukes_90_70_pre_se,0.053507058204050016
summary_approve_nukes_90_70_ycls_estimate,-0.07728653983157363
summary_approve_nukes_90_70_ycls_se,0.0643664305412145
summary_approve_strike_nuclear_pre_estimate,0.22573777430116954
summary_approve_strike_nuclear_pre_se,0.05530861989485908
summary_approve_strike_nuclear_ycls_estimate,0.13456883777754944
summary_approve_strike_nuclear_ycls_se,0.06422102551910215
summary_broken_english_pre_estimate,0.06531039280244932
summary_broken_english_pre_se,0.014187571559594062
summary_broken_english_ycls_estimate,0.043141210528716493
summary_broken_english_ycls_se,0.013444633273231595
summary_cheap_v_expensive_framing_pre_estimate,0.3530271100505385
summary_cheap_v_expensive_framing_pre_se,0.030379793996488515
summary_cheap_v_expensive_framing_ycls_estimate,0.22289680948873827
summary_cheap_v_expensive_framing_ycls_se,0.06175971090846985
summary_child_care_provider_pre_estimate,0.019172695041218
summary_child_care_provider_pre_se,0.020094285840215574
summary_child_care_provider_ycls_estimate,0.013100240500063552
summary_child_care_provider_ycls_se,0.02068756702929613
summary_china_pre_estimate,0.0519135573081055
summary_china_pre_se,0.02292797039159903
summary_china_ycls_estimate,0.11642585795518125
summary_china_ycls_se,0.022690300991588377
summary_college_degree_pre_estimate,0.18665036639545898
summary_college_degree_pre_se,0.02005736560542642
summary_college_degree_ycls_estimate,0.12444334051902829
summary_college_degree_ycls_se,0.0183397471549687
summary_computer_programmer_pre_estimate,0.06305380898415178
summary_computer_programmer_pre_se,0.0323375533977071
summary_computer_programmer_ycls_estimate,0.08511188942581786
summary_computer_programmer_ycls_se,0.0252300174488064
summary_construction_worker_pre_estimate,0.05254056779081745
summary_construction_worker_pre_se,0.020843523019699713
summary_construction_worker_ycls_estimate,0.01806387842996609
summary_construction_worker_ycls_se,0.01990851743605153
summary_d_c_pizzagate_pre_estimate,0.47529329398408476
summary_d_c_pizzagate_pre_se,0.07401051360346461
summary_d_c_pizzagate_ycls_estimate,0.3844157294449389
summary_d_c_pizzagate_ycls_se,0.1035316193330256
summary_democrats_program_pre_estimate,0.45300414010345297
summary_democrats_program_pre_se,0.15958817768686775
summary_democrats_program_ycls_estimate,0.20380626786830525
summary_democrats_program_ycls_se,0.06211453981854197
summary_doctor_pre_estimate,0.15372686972927505
summary_doctor_pre_se,0.03024709042532567
summary_doctor_ycls_estimate,0.03171518744967724
summary_doctor_ycls_se,0.026981229819061165
summary_economic_system_justification_pre_estimate,0.19433009733216064
summary_economic_system_justification_pre_se,0.09235785314255601
summary_economic_system_justification_ycls_estimate,0.05741505064718498
summary_economic_system_justification_ycls_se,0.0751502596632332
summary_escape_persecution_pre_estimate,0.038062709450186076
summary_escape_persecution_pre_se,0.020249747832973786
summary_escape_persecution_ycls_estimate,0.03136329811715725
summary_escape_persecution_ycls_se,0.015580526023164985
summary_estimates_conjoint,82
summary_estimates_nonconjoint,56
summary_estimates_total,138
summary_ethical_strike_nuclear_pre_estimate,0.22490967332071002
summary_ethical_strike_nuclear_pre_se,0.053363868005264894
summary_ethical_strike_nuclear_ycls_estimate,0.07291501548415669
summary_ethical_strike_nuclear_ycls_se,0.0643741908823689
summary_financial_analyst_pre_estimate,0.04815036214420279
summary_financial_analyst_pre_se,0.032835828837282845
summary_financial_analyst_ycls_estimate,0.03472763983779109
summary_financial_analyst_ycls_se,0.026013451562320912
summary_foreign_aid_misperceptions_pre_estimate,0.21244362575314327
summary_foreign_aid_misperceptions_pre_se,0.06352206011912917
summary_foreign_aid_misperceptions_ycls_estimate,-0.052455039552392314
summary_foreign_aid_misperceptions_ycls_se,0.0617654823528845
summary_france_pre_estimate,0.012324974691748113
summary_france_pre_se,0.021900818233181935
summary_france_ycls_estimate,0.024072345304990892
summary_france_ycls_se,0.023833375287804832
summary_gain_v_loss_framing_pre_estimate,0.5942578948129084
summary_gain_v_loss_framing_pre_se,0.028520511233736317
summary_gain_v_loss_framing_ycls_estimate,0.2994795837630349
summary_gain_v_loss_framing_ycls_se,0.03805653299281
summary_gardener_pre_estimate,0.015907356236252744
summary_gardener_pre_se,0.02079879202238328
summary_gardener_ycls_estimate,0.0013232606959180286
summary_gardener_ycls_se,0.0198553743020882
summary_graduate_degree_pre_estimate,0.17173760172839025
summary_graduate_degree_pre_se,0.018846793461657366
summary_graduate_degree_ycls_estimate,0.13558516334924334
summary_graduate_degree_ycls_se,0.01853710608696927
summary_high_school_pre_estimate,0.11594816756108875
summary_high_school_pre_se,0.018395152809597144
summary_high_school_ycls_estimate,0.05961721505108752
summary_high_school_ycls_se,0.019016742004522635
summary_india_pre_estimate,0.04062039128531986
summary_india_pre_se,0.021150373316053014
summary_india_ycls_estimate,0.06446278651787178
summary_india_ycls_se,0.023486519322791385
summary_inequality_increased_pre_estimate,0.5539690409659894
summary_inequality_increased_pre_se,0.06073695882551493
summary_inequality_increased_ycls_estimate,0.45983739501787985
summary_inequality_increased_ycls_se,0.07527059367180237
summary_institutional_trust_pre_estimate,0.14731499381617313
summary_institutional_trust_pre_se,0.11202483037481858
summary_institutional_trust_ycls_estimate,0.07668513648557317
summary_institutional_trust_ycls_se,0.07462418989647139
summary_interviews_with_employer_pre_estimate,0.09773417992234355
summary_interviews_with_employer_pre_se,0.0147230551778086
summary_interviews_with_employer_ycls_estimate,0.04336839410539992
summary_interviews_with_employer_ycls_se,0.014005664809264963
summary_iraq_pre_estimate,0.14277054949759163
summary_iraq_pre_se,0.023669496174829364
summary_iraq_ycls_estimate,0.10646458333212597
summary_iraq_ycls_se,0.022990192123307888
summary_male_pre_estimate,0.022019839510634492
summary_male_pre_se,0.010344324379536494
summary_male_ycls_estimate,0.019338685293541772
summary_male_ycls_se,0.009775258515453961
summary_many_times_as_tourist_pre_estimate,0.05534596513102699
summary_many_times_as_tourist_pre_se,0.016310244225402212
summary_many_times_as_tourist_ycls_estimate,0.052632010503266255
summary_many_times_as_tourist_ycls_se,0.014800681467399124
summary_mexico_pre_estimate,0.018963113771450893
summary_mexico_pre_se,0.021844957865788096
summary_mexico_ycls_estimate,0.01875503851273499
summary_mexico_ycls_se,0.023920267618071846
summary_no_plans_to_look_for_work_pre_estimate,0.2690010249427855
summary_no_plans_to_look_for_work_pre_se,0.01435176145358531
summary_no_plans_to_look_for_work_ycls_estimate,0.14694971553736172
summary_no_plans_to_look_for_work_ycls_se,0.014363829958311149
summary_nurse_pre_estimate,0.08390629816993002
summary_nurse_pre_se,0.02044193073041361
summary_nurse_ycls_estimate,0.06434489887643123
summary_nurse_ycls_se,0.020063079367336034
summary_obama_birtherism_pre_estimate,0.24433206689918557
summary_obama_birtherism_pre_se,0.06939492777763691
summary_obama_birtherism_ycls_estimate,0.14040360992347642
summary_obama_birtherism_ycls_se,0.11073379519276914
summary_once_as_tourist_pre_estimate,0.07445420346394774
summary_once_as_tourist_pre_se,0.015660207869096325
summary_once_as_tourist_ycls_estimate,0.04005771110820447
summary_once_as_tourist_ycls_se,0.015048182949698778
summary_once_w_o_authorization_pre_estimate,0.10902725694331229
summary_once_w_o_authorization_pre_se,0.016182036795711174
summary_once_w_o_authorization_ycls_estimate,0.0627771603514567
summary_once_w_o_authorization_ycls_se,0.015750000258294074
summary_perceived_intentionality_pre_estimate,1.9696325063331155
summary_perceived_intentionality_pre_se,0.03610180989545517
summary_perceived_intentionality_ycls_estimate,0.840418369940852
summary_perceived_intentionality_ycls_se,0.06188346484349758
summary_philippines_pre_estimate,0.0045441909548814595
summary_philippines_pre_se,0.023878844794351567
summary_philippines_ycls_estimate,0.025153638458532676
summary_philippines_ycls_se,0.02392012545851327
summary_podesta_pre_estimate,0.6120357562203306
summary_podesta_pre_se,0.06903553199659403
summary_podesta_ycls_estimate,0.15441939068070007
summary_podesta_ycls_se,0.10691595260695295
summary_poland_pre_estimate,0.020428847473970748
summary_poland_pre_se,0.021301577883521335
summary_poland_ycls_estimate,0.015847577435619663
summary_poland_ycls_se,0.023494465073976786
summary_prefer_nukes_90_45_pre_estimate,1.4495512271219275
summary_prefer_nukes_90_45_pre_se,0.06420932760540343
summary_prefer_nukes_90_45_ycls_estimate,0.3623585608077092
summary_prefer_nukes_90_45_ycls_se,0.0743616038649811
summary_prefer_nukes_90_70_pre_estimate,1.0147095172710234
summary_prefer_nukes_90_70_pre_se,0.06710079922515626
summary_prefer_nukes_90_70_ycls_estimate,0.22535043280693565
summary_prefer_nukes_90_70_ycls_se,0.07057920772512737
summary_program_a_pre_estimate,1.0502175372857248
summary_program_a_pre_se,0.1748891817607768
summary_program_a_ycls_estimate,0.3329866064349647
summary_program_a_ycls_se,0.05949683607199912
summary_redistribution_pre_estimate,7.550697845774697e-5
summary_redistribution_pre_se,0.03798374889581806
summary_redistribution_ycls_estimate,-0.04358679069385774
summary_redistribution_ycls_se,0.07877808153778211
summary_republicans_program_pre_estimate,0.3310052041369007
summary_republicans_program_pre_se,0.16403303590154358
summary_republicans_program_ycls_estimate,0.12696956692256123
summary_republicans_program_ycls_se,0.061450000507690554
summary_research_scientist_pre_estimate,0.11249082556087964
summary_research_scientist_pre_se,0.030316637330178885
summary_research_scientist_ycls_estimate,0.06680614661179474
summary_research_scientist_ycls_se,0.02621259371290859
summary_rich_s_share_of_income_changed_pre_estimate,0.36493824655810936
summary_rich_s_share_of_income_changed_pre_se,0.06171016295253036
summary_rich_s_share_of_income_changed_ycls_estimate,0.34113007410771795
summary_rich_s_share_of_income_changed_ycls_se,0.08028572020573138
summary_russian_hackers_pre_estimate,0.9477800711787764
summary_russian_hackers_pre_se,0.07804562152297381
summary_russian_hackers_ycls_estimate,0.6717271291947576
summary_russian_hackers_ycls_se,0.11681047152872732
summary_russian_reporters_pre_estimate,0.3049541094444726
summary_russian_reporters_pre_se,0.020285925444507583
summary_russian_reporters_ycls_estimate,0.253874829790243
summary_russian_reporters_ycls_se,0.029680438161317456
summary_scaramucci_pre_estimate,0.5584456754957927
summary_scaramucci_pre_se,0.08233779076748862
summary_scaramucci_ycls_estimate,0.23258969036793997
summary_scaramucci_ycls_se,0.10684808755577574
summary_seek_better_job_pre_estimate,0.03210676443475169
summary_seek_better_job_pre_se,0.01122338945175299
summary_seek_better_job_ycls_estimate,0.02881803951828323
summary_seek_better_job_ycls_se,0.010390431242322674
summary_sex_trafficking_pre_estimate,0.5312126809108217
summary_sex_trafficking_pre_se,0.07136802161169083
summary_sex_trafficking_ycls_estimate,0.04246997703418993
summary_sex_trafficking_ycls_se,0.10861595639657798
summary_six_months_with_family_pre_estimate,0.08381948780282898
summary_six_months_with_family_pre_se,0.015675510631245348
summary_six_months_with_family_ycls_estimate,0.04808856962860977
summary_six_months_with_family_ycls_se,0.014736042785656277
summary_somalia_pre_estimate,0.07852950679104792
summary_somalia_pre_se,0.022996911461471953
summary_somalia_ycls_estimate,0.07282147200436362
summary_somalia_ycls_se,0.02294209983247263
summary_sudan_pre_estimate,0.05832591776741477
summary_sudan_pre_se,0.023603568767983113
summary_sudan_ycls_estimate,0.07279124004444072
summary_sudan_ycls_se,0.023174301940271314
summary_system_justification_pre_estimate,0.19848612120613843
summary_system_justification_pre_se,0.1062005419738348
summary_system_justification_ycls_estimate,0.07323374026348305
summary_system_justification_ycls_se,0.07468008980240698
summary_teacher_pre_estimate,0.06408473264799629
summary_teacher_pre_se,0.020813682094629464
summary_teacher_ycls_estimate,0.04637186924302925
summary_teacher_ycls_se,0.020058859407792205
summary_tried_english_but_unable_pre_estimate,0.1322935516427004
summary_tried_english_but_unable_pre_se,0.01414240017264766
summary_tried_english_but_unable_ycls_estimate,0.08669932948971494
summary_tried_english_but_unable_ycls_se,0.013805485011060587
summary_trust_in_government_pre_estimate,0.6233107909980565
summary_trust_in_government_pre_se,0.04104722895957747
summary_trust_in_government_ycls_estimate,0.15677669432876842
summary_trust_in_government_ycls_se,0.07610016288029584
summary_two_year_college_pre_estimate,0.149471545352156
summary_two_year_college_pre_se,0.019059692527885908
summary_two_year_college_ycls_estimate,0.10573350193775717
summary_two_year_college_ycls_se,0.018057254132095996
summary_used_interpreter_pre_estimate,0.16317423179870302
summary_used_interpreter_pre_se,0.014147821463653273
summary_used_interpreter_ycls_estimate,0.08779673627216772
summary_used_interpreter_ycls_se,0.013404855005914965
summary_waiter_pre_estimate,0.006598375155037603
summary_waiter_pre_se,0.020110828070896796
summary_waiter_ycls_estimate,0.002721003916734601
summary_waiter_ycls_se,0.02008998315680432
summary_welfare_v_aid_to_poor_pre_estimate,0.702066457212683
summary_welfare_v_aid_to_poor_pre_se,0.03557513442920212
summary_welfare_v_aid_to_poor_ycls_estimate,0.4344711671138937
summary_welfare_v_aid_to_poor_ycls_se,0.018128128378873527
summary_will_look_for_work_pre_estimate,0.11768998249386382
summary_will_look_for_work_pre_se,0.01507361432832849
summary_will_look_for_work_ycls_estimate,0.04497387538077411
summary_will_look_for_work_ycls_se,0.013721598475891163
table_2_easy_browser_estimate,0.659
table_2_easy_browser_se,0.019
table_2_easy_browser_webapp_estimate,0.11399999999999999
table_2_easy_browser_webapp_se,0.02758622844826744
table_2_easy_mobile_estimate,0.585
table_2_easy_mobile_se,0.017
table_2_easy_nonmobile_estimate,0.631
table_2_easy_nonmobile_mobile_estimate,0.04600000000000004
table_2_easy_nonmobile_mobile_se,0.027802877548915687
table_2_easy_nonmobile_se,0.022
table_2_easy_webapp_estimate,0.545
table_2_easy_webapp_se,0.02
table_2_hard_browser_estimate,0.223
table_2_hard_browser_se,0.016
table_2_hard_browser_webapp_estimate,0.069
table_2_hard_browser_webapp_se,0.0206155281280883
table_2_hard_mobile_estimate,0.16
table_2_hard_mobile_se,0.012
table_2_hard_nonmobile_estimate,0.24
table_2_hard_nonmobile_mobile_estimate,0.07999999999999999
table_2_hard_nonmobile_mobile_se,0.0233238075793812
table_2_hard_nonmobile_se,0.02
table_2_hard_webapp_estimate,0.154
table_2_hard_webapp_se,0.013
table_2_medium_browser_estimate,0.53
table_2_medium_browser_se,0.019
table_2_medium_browser_webapp_estimate,0.16000000000000003
table_2_medium_browser_webapp_se,0.026870057685088804
table_2_medium_mobile_estimate,0.42
table_2_medium_mobile_se,0.017
table_2_medium_nonmobile_estimate,0.5
table_2_medium_nonmobile_mobile_estimate,0.08000000000000002
table_2_medium_nonmobile_mobile_se,0.027802877548915687
table_2_medium_nonmobile_se,0.022
table_2_medium_webapp_estimate,0.37
table_2_medium_webapp_se,0.019
